zeta,baseline,correction,ultra
0.0008943192205781552,0.0,0.6939278537044363,0.6939278537044363
0.013221203955575214,0.0,0.735086953953957,0.735086953953957
0.02554808869057227,0.0,0.7771610677393114,0.7771610677393114
0.03787497342556933,0.0,0.8199273251534862,0.8199273251534862
0.05020185816056639,0.0,0.8631662918140282,0.8631662918140282
0.06252874289556344,0.0,0.9066654163663593,0.9066654163663593
0.0748556276305605,0.0,0.950222069815081,0.950222069815081
0.08718251236555756,0.0,0.9936461394204303,0.9936461394204303
0.09950939710055462,0.0,1.0367621571689152,1.0367621571689152
0.11183628183555168,0.0,1.079410958487028,1.079410958487028
0.12416316657054872,0.0,1.1214508805632164,1.1214508805632164
0.13649005130554578,0.0,1.1627585211650107,1.1627585211650107
0.14881693604054286,0.0,1.203229088099898,1.203229088099898
0.1611438207755399,0.0,1.2427763764912227,1.2427763764912227
0.17347070551053695,0.0,1.2813324159311474,1.2813324159311474
0.18579759024553402,0.0,1.318846832503677,1.318846832503677
0.19812447498053107,0.0,1.3552859718596322,1.3552859718596322
0.21045135971552814,0.0,1.390631829217153,1.390631829217153
0.2227782444505252,0.0,1.4248808306126992,1.4248808306126992
0.23510512918552226,0.0,1.4580425071942495,1.4580425071942495
0.2474320139205193,0.0,1.4901381010748822,1.4901381010748822
0.2597588986555164,0.0,1.5211991374767735,1.5211991374767735
0.2720857833905134,0.0,1.5512659937944815,1.5512659937944815
0.28441266812551047,0.0,1.5803864919670068,1.5803864919670068
0.2967395528605075,0.0,1.6086145363171491,1.6086145363171491
0.3090664375955046,0.0,1.6360088149129683,1.6360088149129683
0.32139332233050166,0.0,1.662631578621872,1.662631578621872
0.3337202070654987,0.0,1.688547508430954,1.688547508430954
0.34604709180049575,0.0,1.713822678343644,1.713822678343644
0.3583739765354928,0.0,1.7385236182596446,1.7385236182596446
0.3707008612704899,0.0,1.7627164787137741,1.7627164787137741
0.38302774600548695,0.0,1.7864662971878402,1.7864662971878402
0.395354630740484,0.0,1.8098363639059958,1.8098363639059958
0.40768151547548104,0.0,1.8328876835584023,1.8328876835584023
0.4200084002104781,0.0,1.8556785282451176,1.8556785282451176
0.4323352849454752,0.0,1.8782640760630933,1.8782640760630933
0.44466216968047223,0.0,1.900696129143157,1.900696129143157
0.4569890544154693,0.0,1.9230229045494536,1.9230229045494536
0.4693159391504663,0.0,1.9452888912500248,1.9452888912500248
0.4816428238854634,0.0,1.967534766324148,1.967534766324148
0.49396970862046047,0.0,1.9897973636618969,1.9897973636618969
0.5062965933554575,0.0,2.0121096886082546,2.0121096886082546
0.5186234780904546,0.0,2.0345009722847744,2.0345009722847744
0.5309503628254516,0.0,2.0569967596654744,2.0569967596654744
0.5432772475604487,0.0,2.0796190258722334,2.0796190258722334
0.5556041322954457,0.0,2.102386315572735,2.102386315572735
0.5679310170304428,0.0,2.1253139007978072,2.1253139007978072
0.5802579017654399,0.0,2.148413952933598,2.148413952933598
0.5925847865004369,0.0,2.1716957250786724,2.1716957250786724
0.604911671235434,0.0,2.195165741379329,2.195165741379329
0.617238555970431,0.0,2.218827990362815,2.218827990362815
0.6295654407054281,0.0,2.242684119673531,2.242684119673531
0.6418923254404252,0.0,2.2667336299786545,2.2667336299786545
0.6542192101754222,0.0,2.2909740661451625,2.2909740661451625
0.6665460949104193,0.0,2.3154012040988223,2.3154012040988223
0.6788729796454163,0.0,2.3400092320570565,2.3400092320570565
0.6911998643804134,0.0,2.364790925081927,2.364790925081927
0.7035267491154105,0.0,2.3897378121275112,2.3897378121275112
0.7158536338504075,0.0,2.4148403349586385,2.4148403349586385
0.7281805185854046,0.0,2.4400879984966872,2.4400879984966872
0.7405074033204017,0.0,2.465469512304329,2.465469512304329
0.7528342880553986,0.0,2.4909729230563418,2.4909729230563418
0.7651611727903957,0.0,2.5165857379594785,2.5165857379594785
0.7774880575253927,0.0,2.542295039182667,2.542295039182667
0.7898149422603898,0.0,2.56808758944098,2.56808758944098
0.8021418269953869,0.0,2.593949928944566,2.593949928944566
0.8144687117303839,0.0,2.619868463978614,2.619868463978614
0.826795596465381,0.0,2.645829547423725,2.645829547423725
0.839122481200378,0.0,2.671819551559407,2.671819551559407
0.8514493659353751,0.0,2.6978249335177504,2.6978249335177504
0.8637762506703722,0.0,2.7238322937710775,2.7238322937710775
0.8761031354053692,0.0,2.7498284280475267,2.7498284280475267
0.8884300201403663,0.0,2.7758003730729155,2.7758003730729155
0.9007569048753633,0.0,2.80173544653698,2.80173544653698
0.9130837896103604,0.0,2.827621281677788,2.827621281677788
0.9254106743453575,0.0,2.853445856870515,2.853445856870515
0.9377375590803545,0.0,2.8791975205966036,2.8791975205966036
0.9500644438153516,0.0,2.904865012156919,2.904865012156919
0.9623913285503486,0.0,2.930437478478565,2.930437478478565
0.9747182132853457,0.0,2.9559044873498173,2.9559044873498173
0.9870450980203428,0.0,2.98125603740154,2.98125603740154
0.9993719827553398,0.0,3.0064825651368974,3.0064825651368974
1.0116988674903369,0.0,3.0315749492942032,3.0315749492942032
1.024025752225334,0.0,3.056524512810803,3.056524512810803
1.036352636960331,0.0,3.08132302263905,3.08132302263905
1.048679521695328,0.0,3.1059626876487805,3.1059626876487805
1.061006406430325,0.0,3.1304361548345487,3.1304361548345487
1.0733332911653222,0.0,3.1547365040301,3.1547365040301
1.0856601759003193,0.0,3.1788572413174405,3.1788572413174405
1.0979870606353164,0.0,3.20279229130331,3.20279229130331
1.1103139453703132,0.0,3.226535988421925,3.226535988421925
1.1226408301053104,0.0,3.250083067409757,3.250083067409757
1.1349677148403075,0.0,3.273428653085499,3.273428653085499
1.1472945995753046,0.0,3.2965682495566635,3.2965682495566635
1.1596214843103017,0.0,3.3194977289631042,3.3194977289631042
1.1719483690452985,0.0,3.342213319857416,3.342213319857416
1.1842752537802956,0.0,3.3647115953123907,3.3647115953123907
1.1966021385152927,0.0,3.386989460836683,3.386989460836683
1.2089290232502898,0.0,3.4090441421714344,3.4090441421714344
1.221255907985287,0.0,3.4308731730327846,3.4308731730327846
1.2335827927202838,0.0,3.4524743828579547,3.4524743828579547
1.245909677455281,0.0,3.4738458846060105,3.4738458846060105
1.258236562190278,0.0,3.494986062658201,3.494986062658201
1.2705634469252751,0.0,3.5158935608572053,3.5158935608572053
1.2828903316602722,0.0,3.5365672707194395,3.5365672707194395
1.295217216395269,0.0,3.557006319849885,3.557006319849885
1.3075441011302662,0.0,3.5772100605845987,3.5772100605845987
1.3198709858652633,0.0,3.5971780588821725,3.5971780588821725
1.3321978706002604,0.0,3.616910083481893,3.616910083481893
1.3445247553352575,0.0,3.63640609534307,3.63640609534307
1.3568516400702544,0.0,3.655666237377269,3.655666237377269
1.3691785248052515,0.0,3.674690824482399,3.674690824482399
1.3815054095402486,0.0,3.693480333885441,3.693480333885441
1.3938322942752457,0.0,3.7120353957984165,3.7120353957984165
1.4061591790102428,0.0,3.730356784390378,3.730356784390378
1.4184860637452397,0.0,3.7484454090765773,3.7484454090765773
1.4308129484802368,0.0,3.7663023061244743,3.7663023061244743
1.4431398332152339,0.0,3.783928630574971,3.783928630574971
1.455466717950231,0.0,3.8013256484761957,3.8013256484761957
1.467793602685228,0.0,3.8184947294260865,3.8184947294260865
1.480120487420225,0.0,3.8354373394192973,3.8354373394192973
1.492447372155222,0.0,3.8521550339931294,3.8521550339931294
1.5047742568902192,0.0,3.8686494516666277,3.8686494516666277
1.5171011416252163,0.0,3.884922307666474,3.884922307666474
1.5294280263602134,0.0,3.9009753879328724,3.9009753879328724
1.5417549110952102,0.0,3.9168105433982445,3.9168105433982445
1.5540817958302073,0.0,3.932429684531356,3.932429684531356
1.5664086805652044,0.0,3.9478347761391954,3.9478347761391954
1.5787355653002015,0.0,3.9630278324188635,3.9630278324188635
1.5910624500351986,0.0,3.9780109122515364,3.9780109122515364
1.6033893347701957,0.0,3.9927861147306296,3.9927861147306296
1.6157162195051926,0.0,4.007355574916115,4.007355574916115
1.6280431042401897,0.0,4.021721459807155,4.021721459807155
1.6403699889751868,0.0,4.035885964525058,4.035885964525058
1.652696873710184,0.0,4.049851308698832,4.049851308698832
1.665023758445181,0.0,4.0636197330455746,4.0636197330455746
1.677350643180178,0.0,4.0771934961381096,4.0771934961381096
1.689677527915175,0.0,4.090574871352431,4.090574871352431
1.702004412650172,0.0,4.103766143987628,4.103766143987628
1.7143312973851692,0.0,4.116769608551147,4.116769608551147
1.7266581821201663,0.0,4.12958756620245,4.12958756620245
1.7389850668551632,0.0,4.142222322348208,4.142222322348208
1.7513119515901603,0.0,4.154676184382501,4.154676184382501
1.7636388363251574,0.0,4.16695145956555,4.16695145956555
1.7759657210601545,0.0,4.179050453034783,4.179050453034783
1.7882926057951516,0.0,4.19097546594219,4.19097546594219
1.8006194905301485,0.0,4.202728793712164,4.202728793712164
1.8129463752651456,0.0,4.214312724414154,4.214312724414154
1.8252732600001427,0.0,4.225729537244731,4.225729537244731
1.8376001447351398,0.0,4.236981501113773,4.236981501113773
1.8499270294701369,0.0,4.248070873329777,4.248070873329777
1.8622539142051338,0.0,4.258999898379361,4.258999898379361
1.8745807989401309,0.0,4.26977080679634,4.26977080679634
1.886907683675128,0.0,4.280385814115848,4.280385814115848
1.899234568410125,0.0,4.29084711990919,4.29084711990919
1.9115614531451222,0.0,4.301156906895292,4.301156906895292
1.923888337880119,0.0,4.311317340124745,4.311317340124745
1.9362152226151161,0.0,4.321330566232712,4.321330566232712
1.9485421073501132,0.0,4.331198712756942,4.331198712756942
1.9608689920851103,0.0,4.340923887517483,4.340923887517483
1.9731958768201074,0.0,4.350508178054761,4.350508178054761
1.9855227615551043,0.0,4.359953651122738,4.359953651122738
1.9978496462901014,0.0,4.369262352234242,4.369262352234242
2.0101765310250985,0.0,4.378436305255425,4.378436305255425
2.0225034157600956,0.0,4.387477512046649,4.387477512046649
2.0348303004950927,0.0,4.396387952147132,4.396387952147132
2.04715718523009,0.0,4.40516958250081,4.40516958250081
2.059484069965087,0.0,4.413824337221009,4.413824337221009
2.071810954700084,0.0,4.422354127391651,4.422354127391651
2.0841378394350807,0.0,4.4307608409027734,4.4307608409027734
2.096464724170078,0.0,4.439046342318321,4.439046342318321
2.108791608905075,0.0,4.44721247277419,4.44721247277419
2.121118493640072,0.0,4.455261049904665,4.455261049904665
2.133445378375069,0.0,4.463193867795465,4.463193867795465
2.145772263110066,0.0,4.471012696961665,4.471012696961665
2.1580991478450633,0.0,4.478719284348913,4.478719284348913
2.1704260325800604,0.0,4.486315353356378,4.486315353356378
2.1827529173150575,0.0,4.4938026038800105,4.4938026038800105
2.1950798020500546,0.0,4.501182712374678,4.501182712374678
2.2074066867850513,0.0,4.5084573319339265,4.5084573319339265
2.2197335715200484,0.0,4.51562809238608,4.51562809238608
2.2320604562550455,0.0,4.522696600405523,4.522696600405523
2.2443873409900426,0.0,4.529664439638056,4.529664439638056
2.2567142257250397,0.0,4.536533170839238,4.536533170839238
2.2690411104600368,0.0,4.54330433202476,4.54330433202476
2.281367995195034,0.0,4.549979438631879,4.549979438631879
2.293694879930031,0.0,4.556559983691007,4.556559983691007
2.306021764665028,0.0,4.563047438006656,4.563047438006656
2.318348649400025,0.0,4.569443250346888,4.569443250346888
2.330675534135022,0.0,4.575748847640567,4.575748847640567
2.343002418870019,0.0,4.581965635181651,4.581965635181651
2.355329303605016,0.0,4.588094996839892,4.588094996839892
2.367656188340013,0.0,4.5941382952773235,4.5941382952773235
2.3799830730750102,0.0,4.6000968721698685,4.6000968721698685
2.3923099578100073,0.0,4.605972048433611,4.605972048433611
2.4046368425450044,0.0,4.611765124455097,4.611765124455097
2.4169637272800015,0.0,4.617477380325257,4.617477380325257
2.4292906120149986,0.0,4.623110076076423,4.623110076076423
2.4416174967499957,0.0,4.628664451922039,4.628664451922039
2.4539443814849924,0.0,4.63414172849862,4.63414172849862
2.4662712662199895,0.0,4.639543107109616,4.639543107109616
2.4785981509549866,0.0,4.6448697699707635,4.6448697699707635
2.4909250356899837,0.0,4.650122880456639,4.650122880456639
2.503251920424981,0.0,4.655303583348062,4.655303583348062
2.515578805159978,0.0,4.660413005080072,4.660413005080072
2.527905689894975,0.0,4.665452253990158,4.665452253990158
2.540232574629972,0.0,4.670422420566574,4.670422420566574
2.552559459364969,0.0,4.67532457769638,4.67532457769638
2.5648863440999663,0.0,4.680159780913077,4.680159780913077
2.577213228834963,0.0,4.684929068643587,4.684929068643587
2.58954011356996,0.0,4.689633462454371,4.689633462454371
2.601866998304957,0.0,4.6942739672965565,4.6942739672965565
2.6141938830399543,0.0,4.698851571749828,4.698851571749828
2.6265207677749514,0.0,4.703367248265027,4.703367248265027
2.6388476525099485,0.0,4.707821953405197,4.707821953405197
2.6511745372449456,0.0,4.712216628085064,4.712216628085064
2.6635014219799427,0.0,4.716552197808741,4.716552197808741
2.6758283067149398,0.0,4.720829572905599,4.720829572905599
2.688155191449937,0.0,4.7250496487641485,4.7250496487641485
2.700482076184934,0.0,4.729213306063929,4.729213306063929
2.7128089609199306,0.0,4.733321411005205,4.733321411005205
2.7251358456549277,0.0,4.737374815536493,4.737374815536493
2.737462730389925,0.0,4.7413743575798,4.7413743575798
2.749789615124922,0.0,4.745320861253499,4.745320861253499
2.762116499859919,0.0,4.749215137092855,4.749215137092855
2.774443384594916,0.0,4.753057982268038,4.753057982268038
2.7867702693299132,0.0,4.756850180799724,4.756850180799724
2.7990971540649103,0.0,4.760592503772097,4.760592503772097
2.8114240387999074,0.0,4.764285709543332,4.764285709543332
2.8237509235349045,0.0,4.767930543953477,4.767930543953477
2.836077808269901,0.0,4.771527740529719,4.771527740529719
2.8484046930048983,0.0,4.77507802068902,4.77507802068902
2.8607315777398954,0.0,4.778582093938098,4.778582093938098
2.8730584624748925,0.0,4.782040658070765,4.782040658070765
2.8853853472098896,0.0,4.785454399362575,4.785454399362575
2.8977122319448867,0.0,4.788823992762808,4.788823992762808
2.910039116679884,0.0,4.792150102083784,4.792150102083784
2.922366001414881,0.0,4.795433380187488,4.795433380187488
2.934692886149878,0.0,4.79867446916953,4.79867446916953
2.947019770884875,0.0,4.801874000540445,4.801874000540445
2.9593466556198718,0.0,4.805032595404315,4.805032595404315
2.971673540354869,0.0,4.808150864634766,4.808150864634766
2.984000425089866,0.0,4.811229409048313,4.811229409048313
2.996327309824863,0.0,4.814268819575088,4.814268819575088
3.00865419455986,0.0,4.817269677426952,4.817269677426952
3.0209810792948573,0.0,4.82023255426303,4.82023255426303
3.0333079640298544,0.0,4.82315801235267,4.82315801235267
3.0456348487648515,0.0,4.82604660473584,4.82604660473584
3.0579617334998486,0.0,4.828898875381003,4.828898875381003
3.0702886182348457,0.0,4.831715359340493,4.831715359340493
3.0826155029698423,0.0,4.834496582903368,4.834496582903368
3.0949423877048394,0.0,4.837243063745849,4.837243063745849
3.1072692724398365,0.0,4.839955311079273,4.839955311079273
3.1195961571748336,0.0,4.842633825795682,4.842633825795682
3.1319230419098307,0.0,4.845279100610981,4.845279100610981
3.144249926644828,0.0,4.847891620205758,4.847891620205758
3.156576811379825,0.0,4.850471861363783,4.850471861363783
3.168903696114822,0.0,4.853020293108162,4.853020293108162
3.181230580849819,0.0,4.855537376835262,4.855537376835262
3.1935574655848162,0.0,4.858023566446347,4.858023566446347
3.205884350319813,0.0,4.860479308477025,4.860479308477025
3.21821123505481,0.0,4.862905042224475,4.862905042224475
3.230538119789807,0.0,4.865301199872526,4.865301199872526
3.242865004524804,0.0,4.867668206614612,4.867668206614612
3.2551918892598013,0.0,4.870006480774602,4.870006480774602
3.2675187739947984,0.0,4.872316433925569,4.872316433925569
3.2798456587297955,0.0,4.874598471006503,4.874598471006503
3.2921725434647926,0.0,4.876852990437027,4.876852990437027
3.3044994281997897,0.0,4.879080384230098,4.879080384230098
3.316826312934787,0.0,4.881281038102779,4.881281038102779
3.3291531976697835,0.0,4.883455331585065,4.883455331585065
3.3414800824047806,0.0,4.885603638126802,4.885603638126802
3.3538069671397777,0.0,4.887726325202769,4.887726325202769
3.3661338518747748,0.0,4.889823754415883,4.889823754415883
3.378460736609772,0.0,4.891896281598609,4.891896281598609
3.390787621344769,0.0,4.89394425691258,4.89394425691258
3.403114506079766,0.0,4.895968024946472,4.895968024946472
3.415441390814763,0.0,4.8979679248121295,4.8979679248121295
3.4277682755497603,0.0,4.8999442902390085,4.8999442902390085
3.4400951602847574,0.0,4.901897449666947,4.901897449666947
3.4524220450197545,0.0,4.903827726337278,4.903827726337278
3.464748929754751,0.0,4.905735438382335,4.905735438382335
3.4770758144897482,0.0,4.907620898913353,4.907620898913353
3.4894026992247453,0.0,4.909484416106835,4.909484416106835
3.5017295839597424,0.0,4.9113262932893385,4.9113262932893385
3.5140564686947395,0.0,4.913146829020775,4.913146829020775
3.5263833534297366,0.0,4.914946317176227,4.914946317176227
3.5387102381647337,0.0,4.9167250470262776,4.9167250470262776
3.551037122899731,0.0,4.918483303315929,4.918483303315929
3.563364007634728,0.0,4.920221366342105,4.920221366342105
3.575690892369725,0.0,4.921939512029737,4.921939512029737
3.5880177771047217,0.0,4.923638012006538,4.923638012006538
3.600344661839719,0.0,4.925317133676387,4.925317133676387
3.612671546574716,0.0,4.926977140291431,4.926977140291431
3.624998431309713,0.0,4.928618291022865,4.928618291022865
3.63732531604471,0.0,4.9302408410304785,4.9302408410304785
3.649652200779707,0.0,4.931845041530914,4.931845041530914
3.6619790855147043,0.0,4.933431139864732,4.933431139864732
3.6743059702497014,0.0,4.934999379562243,4.934999379562243
3.6866328549846985,0.0,4.936550000408186,4.936550000408186
3.6989597397196956,0.0,4.938083238505222,4.938083238505222
3.7112866244546923,0.0,4.9395993263363,4.9395993263363
3.7236135091896894,0.0,4.941098492825897,4.941098492825897
3.7359403939246865,0.0,4.94258096340015,4.94258096340015
3.7482672786596836,0.0,4.944046960045938,4.944046960045938
3.7605941633946807,0.0,4.945496701368856,4.945496701368856
3.7729210481296778,0.0,4.9469304026501995,4.9469304026501995
3.785247932864675,0.0,4.948348275902878,4.948348275902878
3.797574817599672,0.0,4.949750529926355,4.949750529926355
3.809901702334669,0.0,4.9511373703606,4.9511373703606
3.822228587069666,0.0,4.952508999739058,4.952508999739058
3.834555471804663,0.0,4.953865617540674,4.953865617540674
3.84688235653966,0.0,4.955207420240999,4.955207420240999
3.859209241274657,0.0,4.95653460136237,4.95653460136237
3.871536126009654,0.0,4.95784735152317,4.95784735152317
3.8838630107446512,0.0,4.959145858486251,4.959145858486251
3.8961898954796483,0.0,4.9604303072064555,4.9604303072064555
3.9085167802146454,0.0,4.961700879877287,4.961700879877287
3.9208436649496425,0.0,4.962957755976781,4.962957755976781
3.9331705496846396,0.0,4.964201112312509,4.964201112312509
3.9454974344196367,0.0,4.9654311230658195,4.9654311230658195
3.9578243191546334,0.0,4.966647959835262,4.966647959835262
3.9701512038896305,0.0,4.9678517916792515,4.9678517916792515
3.9824780886246276,0.0,4.969042785157967,4.969042785157967
3.9948049733596247,0.0,4.970221104374506,4.970221104374506
4.007131858094622,0.0,4.971386911015305,4.971386911015305
4.0194587428296185,0.0,4.972540364389838,4.972540364389838
4.031785627564616,0.0,4.973681621469617,4.973681621469617
4.044112512299613,0.0,4.974810836926493,4.974810836926493
4.05643939703461,0.0,4.975928163170284,4.975928163170284
4.068766281769607,0.0,4.977033750385731,4.977033750385731
4.081093166504604,0.0,4.978127746568795,4.978127746568795
4.093420051239601,0.0,4.979210297562327,4.979210297562327
4.105746935974598,0.0,4.980281547091089,4.980281547091089
4.118073820709595,0.0,4.9813416367961665,4.9813416367961665
4.130400705444592,0.0,4.982390706268773,4.982390706268773
4.1427275901795895,0.0,4.983428893083459,4.983428893083459
4.155054474914587,0.0,4.984456332830733,4.984456332830733
4.167381359649584,0.0,4.9854731591491,4.9854731591491
4.179708244384581,0.0,4.986479503756559,4.986479503756559
4.192035129119578,0.0,4.987475496481527,4.987475496481527
4.204362013854575,0.0,4.9884612652932265,4.9884612652932265
4.216688898589572,0.0,4.989436936331543,4.989436936331543
4.229015783324569,0.0,4.990402633936355,4.990402633936355
4.241342668059566,0.0,4.9913584806763645,4.9913584806763645
4.253669552794563,0.0,4.9923045973773865,4.9923045973773865
4.2659964375295605,0.0,4.9932411031502015,4.9932411031502015
4.278323322264557,0.0,4.994168115417869,4.994168115417869
4.290650206999554,0.0,4.995085749942594,4.995085749942594
4.302977091734551,0.0,4.995994120852125,4.995994120852125
4.315303976469548,0.0,4.996893340665674,4.996893340665674
4.327630861204545,0.0,4.99778352031942,4.99778352031942
4.339957745939542,0.0,4.998664769191526,4.998664769191526
4.352284630674539,0.0,4.999537195126765,4.999537195126765
4.364611515409536,0.0,5.000400904460693,5.000400904460693
4.3769384001445335,0.0,5.001256002043418,5.001256002043418
4.389265284879531,0.0,5.002102591262947,5.002102591262947
4.401592169614528,0.0,5.002940774068135,5.002940774068135
4.413919054349525,0.0,5.003770650991261,5.003770650991261
4.426245939084522,0.0,5.004592321170165,5.004592321170165
4.438572823819519,0.0,5.005405882370055,5.005405882370055
4.450899708554516,0.0,5.006211431004917,5.006211431004917
4.463226593289513,0.0,5.007009062158553,5.007009062158553
4.47555347802451,0.0,5.007798869605282,5.007798869605282
4.487880362759507,0.0,5.008580945830249,5.008580945830249
4.5002072474945045,0.0,5.009355382049437,5.009355382049437
4.512534132229502,0.0,5.010122268229282,5.010122268229282
4.524861016964498,0.0,5.010881693106012,5.010881693106012
4.537187901699495,0.0,5.011633744204609,5.011633744204609
4.549514786434492,0.0,5.012378507857468,5.012378507857468
4.561841671169489,0.0,5.0131160692227485,5.0131160692227485
4.574168555904486,0.0,5.013846512302404,5.013846512302404
4.586495440639483,0.0,5.014569919959898,5.014569919959898
4.59882232537448,0.0,5.015286373937645,5.015286373937645
4.6111492101094775,0.0,5.015995954874128,5.015995954874128
4.623476094844475,0.0,5.016698742320768,5.016698742320768
4.635802979579472,0.0,5.017394814758445,5.017394814758445
4.648129864314469,0.0,5.018084249613826,5.018084249613826
4.660456749049466,0.0,5.018767123275325,5.018767123275325
4.672783633784463,0.0,5.01944351110889,5.01944351110889
4.68511051851946,0.0,5.020113487473451,5.020113487473451
4.697437403254457,0.0,5.020777125736142,5.020777125736142
4.709764287989454,0.0,5.021434498287269,5.021434498287269
4.7220911727244514,0.0,5.022085676555036,5.022085676555036
4.7344180574594485,0.0,5.0227307310199905,5.0227307310199905
4.746744942194446,0.0,5.0233697312292644,5.0233697312292644
4.759071826929443,0.0,5.024002745810582,5.024002745810582
4.77139871166444,0.0,5.024629842485987,5.024629842485987
4.783725596399436,0.0,5.025251088085406,5.025251088085406
4.796052481134433,0.0,5.025866548559948,5.025866548559948
4.80837936586943,0.0,5.026476288994988,5.026476288994988
4.820706250604427,0.0,5.027080373623045,5.027080373623045
4.8330331353394245,0.0,5.027678865836444,5.027678865836444
4.845360020074422,0.0,5.028271828199769,5.028271828199769
4.857686904809419,0.0,5.028859322462114,5.028859322462114
4.870013789544416,0.0,5.0294414095691256,5.0294414095691256
4.882340674279413,0.0,5.030018149674859,5.030018149674859
4.89466755901441,0.0,5.030589602153437,5.030589602153437
4.906994443749407,0.0,5.031155825610508,5.031155825610508
4.919321328484404,0.0,5.031716877894535,5.031716877894535
4.931648213219401,0.0,5.032272816107895,5.032272816107895
4.943975097954398,0.0,5.032823696617773,5.032823696617773
4.9563019826893955,0.0,5.033369575066928,5.033369575066928
4.968628867424393,0.0,5.033910506384249,5.033910506384249
4.98095575215939,0.0,5.034446544795131,5.034446544795131
4.993282636894387,0.0,5.0349777438317345,5.0349777438317345
5.005609521629384,0.0,5.0355041563430145,5.0355041563430145
5.017936406364381,0.0,5.036025834504634,5.036025834504634
5.030263291099377,0.0,5.036542829828707,5.036542829828707
5.042590175834374,0.0,5.037055193173374,5.037055193173374
5.054917060569371,0.0,5.037562974752225,5.037562974752225
5.0672439453043685,0.0,5.0380662241436,5.0380662241436
5.079570830039366,0.0,5.038564990299693,5.038564990299693
5.091897714774363,0.0,5.039059321555547,5.039059321555547
5.10422459950936,0.0,5.039549265637906,5.039549265637906
5.116551484244357,0.0,5.0400348696738915,5.0400348696738915
5.128878368979354,0.0,5.04051618019958,5.04051618019958
5.141205253714351,0.0,5.040993243168424,5.040993243168424
5.153532138449348,0.0,5.041466103959542,5.041466103959542
5.165859023184345,0.0,5.04193480738589,5.04193480738589
5.178185907919342,0.0,5.04239939770227,5.04239939770227
5.1905127926543395,0.0,5.04285991861326,5.04285991861326
5.202839677389337,0.0,5.0433164132809765,5.0433164132809765
5.215166562124334,0.0,5.0437689243327375,5.0437689243327375
5.227493446859331,0.0,5.044217493868611,5.044217493868611
5.239820331594328,0.0,5.044662163468813,5.044662163468813
5.252147216329325,0.0,5.045102974201025,5.045102974201025
5.264474101064322,0.0,5.045539966627579,5.045539966627579
5.276800985799318,0.0,5.04597318081253,5.04597318081253
5.289127870534315,0.0,5.046402656328634,5.046402656328634
5.3014547552693125,0.0,5.046828432264185,5.046828432264185
5.31378164000431,0.0,5.047250547229789,5.047250547229789
5.326108524739307,0.0,5.047669039364984,5.047669039364984
5.338435409474304,0.0,5.04808394634481,5.04808394634481
5.350762294209301,0.0,5.048495305386228,5.048495305386228
5.363089178944298,0.0,5.048903153254478,5.048903153254478
5.375416063679295,0.0,5.049307526269311,5.049307526269311
5.387742948414292,0.0,5.049708460311143,5.049708460311143
5.400069833149289,0.0,5.050105990827102,5.050105990827102
5.4123967178842864,0.0,5.050500152837006,5.050500152837006
5.4247236026192835,0.0,5.050890980939204,5.050890980939204
5.437050487354281,0.0,5.0512785093163775,5.0512785093163775
5.449377372089278,0.0,5.0516627717412215,5.0516627717412215
5.461704256824275,0.0,5.052043801582042,5.052043801582042
5.474031141559272,0.0,5.052421631808291,5.052421631808291
5.486358026294269,0.0,5.052796294995981,5.052796294995981
5.498684911029266,0.0,5.053167823333046,5.053167823333046
5.511011795764263,0.0,5.053536248624618,5.053536248624618
5.52333868049926,0.0,5.0539016022982,5.0539016022982
5.535665565234257,0.0,5.05426391540879,5.05426391540879
5.547992449969254,0.0,5.054623218643915,5.054623218643915
5.560319334704251,0.0,5.054979542328582,5.054979542328582
5.572646219439248,0.0,5.055332916430167,5.055332916430167
5.584973104174245,0.0,5.055683370563221,5.055683370563221
5.597299988909242,0.0,5.056030933994219,5.056030933994219
5.609626873644239,0.0,5.056375635646204,5.056375635646204
5.621953758379236,0.0,5.056717504103409,5.056717504103409
5.634280643114233,0.0,5.057056567615765,5.057056567615765
5.6466075278492305,0.0,5.057392854103375,5.057392854103375
5.658934412584228,0.0,5.057726391160899,5.057726391160899
5.671261297319225,0.0,5.058057206061892,5.058057206061892
5.683588182054222,0.0,5.05838532576305,5.05838532576305
5.695915066789219,0.0,5.058710776908429,5.058710776908429
5.708241951524216,0.0,5.0590335858335775,5.0590335858335775
5.720568836259213,0.0,5.0593537785696086,5.0593537785696086
5.73289572099421,0.0,5.059671380847223,5.059671380847223
5.745222605729207,0.0,5.059986418100665,5.059986418100665
5.757549490464204,0.0,5.060298915471622,5.060298915471622
5.7698763751992015,0.0,5.06060889781306,5.06060889781306
5.782203259934198,0.0,5.060916389693016,5.060916389693016
5.794530144669195,0.0,5.061221415398331,5.061221415398331
5.806857029404192,0.0,5.061523998938318,5.061523998938318
5.819183914139189,0.0,5.06182416404838,5.06182416404838
5.831510798874186,0.0,5.062121934193595,5.062121934193595
5.843837683609183,0.0,5.0624173325722115,5.0624173325722115
5.85616456834418,0.0,5.062710382119134,5.062710382119134
5.868491453079177,0.0,5.06300110550932,5.06300110550932
5.8808183378141745,0.0,5.06328952516116,5.06328952516116
5.893145222549172,0.0,5.063575663239782,5.063575663239782
5.905472107284169,0.0,5.063859541660328,5.063859541660328
5.917798992019166,0.0,5.064141182091175,5.064141182091175
5.930125876754163,0.0,5.064420605957107,5.064420605957107
5.94245276148916,0.0,5.064697834442444,5.064697834442444
5.954779646224157,0.0,5.064972888494125,5.064972888494125
5.967106530959154,0.0,5.065245788824757,5.065245788824757
5.979433415694151,0.0,5.065516555915593,5.065516555915593
5.991760300429148,0.0,5.065785210019507,5.065785210019507
6.0040871851641455,0.0,5.06605177116389,5.06605177116389
6.016414069899143,0.0,5.066316259153517,5.066316259153517
6.028740954634139,0.0,5.066578693573397,5.066578693573397
6.041067839369136,0.0,5.066839093791531,5.066839093791531
6.053394724104133,0.0,5.067097478961684,5.067097478961684
6.06572160883913,0.0,5.067353868026085,5.067353868026085
6.078048493574127,0.0,5.0676082797180975,5.0676082797180975
6.090375378309124,0.0,5.067860732564859,5.067860732564859
6.1027022630441214,0.0,5.068111244889872,5.068111244889872
6.1150291477791185,0.0,5.068359834815556,5.068359834815556
6.127356032514116,0.0,5.068606520265792,5.068606520265792
6.139682917249113,0.0,5.06885131896839,5.06885131896839
6.15200980198411,0.0,5.069094248457553,5.069094248457553
