datetime,tracer,c1,c2,c3,c4,zeta,ustar,n_obs,shape_ratio,stability
2020-01-01T01:30:00.0,T,-2.4843812966485506,0.04110301167831247,-0.05278370335144922,-0.044268011678312555,0.9329152791241954,0.08347,1,1.284180919990832,stable
2020-01-01T06:00:00.0,T,-1.760274882246377,0.07378305188923398,-0.03655511775362325,-0.040283051889234,0.13551116667985447,0.39819,1,0.4954405763602898,stable
2020-01-01T06:30:00.0,T,-1.7988920521588163,0.06450044811615768,-0.0346079478411836,-0.03700044811615771,0.10973025916855952,0.43746,1,0.5365536031448771,stable
2020-01-01T08:00:00.0,T,-0.8592834826388889,-0.07762859201388893,0.0014484826388889078,0.017463592013888907,0.377438932432031,0.06916,1,0.0186591383575494,stable
2020-01-01T10:00:00.0,T,0.4687487590579711,-0.1866327025103519,0.08242124094202898,0.09513270251035195,0.5871786728536577,0.1088,1,0.4416227158123981,stable
2020-01-01T21:00:00.0,T,3.1131932197312806,0.003088466156616815,0.04664178026871968,0.030746533843383245,0.5622324048757772,0.06258,1,15.101923706948527,stable
2020-01-02T07:00:00.0,T,4.156241440217392,0.06794568775879899,0.02225855978260858,0.0005543122412007919,0.5584130387016654,0.08343,1,0.3275934134572961,stable
2020-01-02T09:30:00.0,T,4.202000875301932,0.04142646348775046,0.055999124698067615,0.02890353651224976,0.12361703442734408,0.37896,1,1.3517717899001007,stable
2020-01-02T14:30:00.0,T,2.5353309997735507,-0.21749433496700304,0.09500400022644927,0.11015933496700309,0.7239089826088736,0.13022,1,0.436811378286532,stable
2020-01-02T19:30:00.0,T,3.188269090504227,-0.13315659112426678,0.06689590949577288,0.0733215911242667,0.699028441643738,0.17944,1,0.5023852663316012,stable
2020-01-02T20:00:00.0,T,3.1500066721014495,-0.15558854710144948,0.07382832789855066,0.08275354710144928,0.9493583369553418,0.15861,1,0.47451004122052676,stable
2020-01-03T02:00:00.0,T,4.268897514945653,-0.24151749634446154,0.11493748505434762,0.12868249634446152,0.9246699531312942,0.16815,1,0.4758971370356513,stable
2020-01-03T02:30:00.0,T,4.268056707427537,-0.23207178927277383,0.10661329257246353,0.12107178927277405,0.8042855129645579,0.17965,1,0.45939789970400846,stable
2020-01-03T04:00:00.0,T,4.348891796875,-0.21804507254464317,0.10827320312500001,0.11921007254464293,0.6729924051344054,0.20672,1,0.4965634025177608,stable
2020-01-03T06:00:00.0,T,3.9454877714371985,-0.23985705963164272,0.11101222856280205,0.12568705963164262,0.42564744214572203,0.20056,1,0.46282660486744726,stable
2020-01-03T07:30:00.0,T,3.842560063556763,-0.24481384207858878,0.1131049364432368,0.12814884207858876,0.860597756234563,0.17143,1,0.4620038453827643,stable
2020-01-03T09:30:00.0,T,2.9548257257699273,-0.17773363313599902,0.11483927423007259,0.11506863313599905,0.7464168744734515,0.16829,1,0.6461313607548852,stable
2020-01-03T10:00:00.0,T,2.5790992608695653,-0.21076924598861305,0.12006573913043479,0.1256042459886129,0.5884440337275653,0.19106,1,0.5696549255431764,stable
2020-01-03T10:30:00.0,T,2.3617170874094198,-0.23085366107013464,0.12895291259057984,0.13585366107013466,0.3501312078643732,0.1928,1,0.558591585651324,stable
2020-01-03T11:30:00.0,T,2.0491845167572467,-0.2454395427989132,0.1321504832427537,0.14110454279891313,0.4259237174325763,0.19857,1,0.53842376715566,stable
2020-01-03T12:00:00.0,T,2.1843399836956525,-0.23032455214803327,0.12116001630434789,0.13049455214803318,0.32774947969770096,0.19801,1,0.5260403859440761,stable
2020-01-03T12:30:00.0,T,2.2620358127264493,-0.24339742544966345,0.1247041872735507,0.1356574254496635,0.4104812642965716,0.17788,1,0.5123480128976982,stable
2020-01-03T13:00:00.0,T,2.3063420209088163,-0.2253718938006814,0.11065797909118348,0.12237189380068142,0.4820260855751389,0.16737,1,0.4910016827078236,stable
2020-01-03T13:30:00.0,T,2.459792956899155,-0.2371112722513371,0.1177070431008455,0.12961127225133717,0.45477356033520366,0.19106,1,0.49642111900979746,stable
2020-01-03T14:00:00.0,T,2.6072047093146136,-0.21881962684933604,0.11463029068538659,0.12365462684933587,0.7017393983957627,0.17115,1,0.5238574452204556,stable
2020-01-03T14:30:00.0,T,2.8732999094202896,-0.2112842844202898,0.1172000905797102,0.12378428442028987,0.7546206571171064,0.15772,1,0.5547033036615922,stable
2020-01-03T15:00:00.0,T,3.043170613300121,-0.18684486119198584,0.10816438669987918,0.11250986119198582,0.7488305220716169,0.16212,1,0.5788994463633585,stable
2020-01-03T15:30:00.0,T,3.103944059782609,-0.19099484847308484,0.11005594021739123,0.11466484847308482,0.673836679567221,0.15477,1,0.5762246526397826,stable
2020-01-03T17:30:00.0,T,0.7455015339673914,-0.18535216268762938,0.08216346603260868,0.09468716268762938,0.6264305767845917,0.09069,1,0.44328301780366747,stable
2020-01-03T18:00:00.0,T,0.3531154785628019,-0.08926386893978608,0.040554521437198086,0.046263868939786075,0.2955555512721417,0.08415,1,0.45432179804523803,stable
2020-01-03T19:30:00.0,T,-0.2971166507397343,-0.192174557717607,0.07578165073973431,0.09183955771760698,0.3117758413033857,0.10524,1,0.394337583703939,stable
2020-01-03T20:00:00.0,T,-0.3602551713466184,-0.19241587900060386,0.08275517134661838,0.09658587900060386,0.1452056870122983,0.10467,1,0.43008493777355383,stable
2020-01-03T20:30:00.0,T,-0.2972225745018116,-0.17372754640592653,0.06955257450181161,0.08372754640592651,0.18569607365836605,0.09893,1,0.40035432457727327,stable
2020-01-03T21:00:00.0,T,-0.3074224134208937,-0.13151635456025706,0.05359241342089373,0.06401635456025707,0.8573471294154309,0.08562,1,0.40749619011329274,stable
2020-01-03T21:30:00.0,T,-0.5397544680706522,-0.066090225009705,0.032754468070652173,0.036090225009704976,0.4533910099265034,0.08211,1,0.49560230829661045,stable
2020-01-03T22:00:00.0,T,-0.7771526400211352,-0.04349511729533297,-0.018682359978864773,-0.003339882704667043,0.581094959759174,0.10428,1,0.4295277525523397,stable
2020-01-03T23:00:00.0,T,-1.0527639171195653,-0.053827931838768175,-0.025406082880434708,-0.005672068161231825,0.2825238370274758,0.131,1,0.47198697799748335,stable
2020-01-03T23:30:00.0,T,-1.159683286911232,-0.03747871271674427,-0.03215171308876817,-0.01368628728325574,0.4363298889198957,0.10902,1,0.8578659926706562,stable
2020-01-04T00:30:00.0,T,-1.2434874528230677,0.024693614157393094,-0.05834754717693235,-0.04452861415739303,0.3553304511399001,0.12457,1,2.3628597581963717,stable
2020-01-04T01:30:00.0,T,-1.6371459624094202,0.026471687855848844,-0.041854037590579776,-0.0338016878558489,0.18064108736509843,0.13238,1,1.581086850921455,stable
2020-01-04T02:00:00.0,T,-1.5080357387530192,-0.1163439456467823,0.008365738753019426,0.030343945646782337,0.17014237958173084,0.13028,1,0.07190523500395653,stable
2020-01-04T03:00:00.0,T,-1.4515923767361112,-0.053499810143849295,-0.013907623263888768,0.0019998101438493047,0.3767693210174541,0.1581,1,0.2599564975369858,stable
2020-01-04T03:30:00.0,T,-1.470276713768116,-0.06286781004140789,-0.02622328623188396,-0.004302189958592065,0.5186303288702563,0.11688,1,0.41711785752695996,stable
2020-01-04T04:00:00.0,T,-1.3941133467693236,-0.034352314192977865,-0.03655165323067633,-0.017312685807022093,0.2464438685515551,0.13478,1,1.0640230240484947,stable
2020-01-04T04:30:00.0,T,-1.417167265474034,0.04658328419923213,-0.06266273452596616,-0.052083284199232194,0.2370913550100805,0.10452,1,1.3451763997137642,stable
2020-01-04T05:00:00.0,T,-1.3842098777173912,0.07111856075310549,-0.056460122282608736,-0.053118560753105594,0.8404300955824802,0.10229,1,0.7938873014966537,stable
2020-01-04T06:30:00.0,T,-0.8682625612167875,-0.03421594758777609,-0.017402438783212522,-0.004449052412223915,0.7148573781828637,0.14273,1,0.5086060743625197,stable
2020-01-04T07:00:00.0,T,-0.8695419454257247,-0.058353156880823064,-0.010458054574275332,0.005353156880823018,0.5893537095972409,0.16098,1,0.17922003081400079,stable
2020-01-04T08:00:00.0,T,-0.9502325712560387,-0.13830084144237406,0.015232571256038621,0.03963084144237403,0.5022137801784082,0.16507,1,0.11014084294191073,stable
2020-01-04T08:30:00.0,T,-1.1727934133454108,-0.17514081532522435,0.01996341334541061,0.050640815325224284,0.6619809925109803,0.14674,1,0.11398492868918039,stable
2020-01-04T09:00:00.0,T,-1.1798170222675122,-0.12931271421562285,0.012152022267512101,0.03564771421562286,0.7102845183607003,0.1488,1,0.09397391695954334,stable
2020-01-04T09:30:00.0,T,-0.9099306145833334,-0.13331453794642856,0.01509561458333332,0.038479537946428555,0.7590779117568627,0.16423,1,0.11323307132039402,stable
2020-01-04T10:00:00.0,T,-0.6963169236111111,-0.18526950248015875,0.03081692361111113,0.06009950248015874,0.38695477861391786,0.15918,1,0.16633565264963907,stable
2020-01-04T12:00:00.0,T,-0.33466525762379234,-0.2608858615478348,0.0883352576237923,0.11488586154783473,0.6815386297576953,0.11811,1,0.33859733563060707,stable
2020-01-04T14:30:00.0,T,-1.0283526435688406,-0.15552459229425472,0.004687643568840629,0.0361895922942547,0.5409840075718944,0.09955,1,0.030140851036417067,stable
2020-01-04T15:00:00.0,T,-1.3857793912288647,-0.11349882243680981,-0.01105560877113534,0.016663822436809802,0.21021863652192352,0.16065,1,0.09740725528047238,stable
2020-01-04T18:00:00.0,T,-0.8138837137681159,-0.12515982789855068,0.006053713768115933,0.030659827898550703,0.31942576691001817,0.15983,1,0.04836786587005233,stable
2020-01-04T20:30:00.0,T,-0.9557310241545893,-0.16325871294858518,0.005566024154589382,0.03842371294858522,0.8707932168994461,0.11266,1,0.03409327474204873,stable
2020-01-04T21:00:00.0,T,-1.2880580308725846,-0.14943199950935984,-0.001941969127415507,0.030431999509359858,0.1294522425349676,0.14611,1,0.012995671166762843,stable
2020-01-04T22:00:00.0,T,-1.452234880736715,-0.12543408007677703,-0.004765119263285045,0.023434080076777056,0.5730079379038772,0.13067,1,0.03798903185137851,stable
2020-01-04T23:30:00.0,T,-1.6012247134661837,-0.18055814119651495,0.008224713466183616,0.043888141196514886,0.12539834419664642,0.1977,1,0.045551606876767986,stable
2020-01-05T00:30:00.0,T,-1.7865821789704106,-0.2097060024532004,0.01658217897041065,0.055706002453200475,0.5641941308601679,0.14697,1,0.07907345892071571,stable
2020-01-05T01:00:00.0,T,-1.9621643778683575,-0.21138391950267435,0.015329377868357454,0.05521891950267425,0.11750154923238282,0.16535,1,0.07251912966900735,stable
2020-01-05T01:30:00.0,T,-1.9720373180857487,-0.2166719019043305,0.01853731808574866,0.05850190190433047,0.11654976218781134,0.2143,1,0.08555478547436964,stable
2020-01-05T10:00:00.0,T,-5.770153293025362,0.2945665705551237,-0.08317670697463747,-0.11856657055512396,0.6659848526088654,0.15484,1,0.2823698114076125,stable
2020-01-05T11:30:00.0,T,-5.875527233695652,-0.13636187344720485,0.04119223369565224,0.05669687344720499,0.7449602628478924,0.07386,1,0.3020802857449785,stable
2020-01-05T14:30:00.0,T,-5.906354958408817,0.09909580600306203,-0.05998004159118366,-0.06143080600306242,0.24701092615243214,0.27169,1,0.6052732603974208,stable
2020-01-05T15:30:00.0,T,-6.346771480827294,0.33866781391261186,-0.10456351917270511,-0.14233281391261193,0.4767975786975134,0.21916,1,0.30874950283786384,stable
2020-01-05T16:00:00.0,T,-6.498305464145532,0.28059572890247636,-0.07252953585446903,-0.10843072890247624,0.3767622851124021,0.26016,1,0.2584841050081605,stable
2020-01-05T16:30:00.0,T,-6.413731379679952,0.1929077698089206,-0.046933620320048636,-0.0725727698089203,0.3869485289478718,0.28746,1,0.24329564520152516,stable
2020-01-05T17:00:00.0,T,-6.4543265535929955,0.18947487824577286,-0.05950844640700482,-0.08030987824577292,0.16888159777264264,0.36807,1,0.3140703768117209,stable
2020-01-05T17:30:00.0,T,-6.06645626758756,0.11736292371355254,-0.05337373241243941,-0.06086292371355233,0.1043590266315615,0.46357,1,0.4547750748158641,stable
2020-01-05T19:00:00.0,T,-5.009261805555556,-0.09685153769841286,-0.009238194444444276,0.01435153769841284,0.22239605643444973,0.09951,1,0.09538510863101832,stable
2020-01-05T19:30:00.0,T,-4.978774020682367,-0.16167939325612457,0.006444020682367107,0.03867939325612481,0.8143086059673951,0.08298,1,0.03985678417384215,stable
2020-01-05T23:00:00.0,T,-4.867723606053744,-0.2189228752210573,0.02439360605374403,0.06292287522105759,0.10077359065942733,0.10298,1,0.11142556952585514,stable
2020-01-06T04:00:00.0,T,-2.40558376977657,-0.013724502792874481,-0.0037512302234299954,0.00038950279287438427,0.14514795625366814,0.31014,1,0.2733235790062696,stable
2020-01-06T06:00:00.0,T,-1.0945339762983093,-0.06872316531875429,0.007368976298309131,0.019558165318754275,0.9479848932424751,0.09088,1,0.10722696290443079,stable
2020-01-06T08:30:00.0,T,-0.584408634737319,-0.15863843929541926,0.02590863473731884,0.05113843929541925,0.1319272564579826,0.08668,1,0.16331876972813208,stable
2020-01-07T08:00:00.0,T,1.8684881342844206,-0.15362523063858674,0.09851186571557963,0.09895523063858686,0.17503365592797138,0.122,1,0.6412479597660306,stable
2020-01-07T10:00:00.0,T,2.6024253992300723,-0.1847141138878106,0.10740960076992769,0.11154911388781066,0.4971673350685194,0.13014,1,0.5814910323266625,stable
2020-01-07T11:00:00.0,T,2.847205066123188,-0.23803706761128382,0.12813993387681183,0.13683206761128383,0.3956359633090648,0.11429,1,0.538319242304166,stable
2020-01-07T12:00:00.0,T,2.800052931234904,-0.26227568359105435,0.13377706876509673,0.1457756835910543,0.1889466225791214,0.13696,1,0.5100627970288115,stable
2020-01-07T12:30:00.0,T,2.7869457595108695,-0.23782149983825054,0.12571924048913047,0.13515649983825054,0.904308795503934,0.12184,1,0.5286285746857868,stable
2020-01-07T13:00:00.0,T,2.8078636767814014,-0.2449810936960836,0.13013632321859891,0.13965109369608344,0.7107140451309598,0.13233,1,0.5312096588973606,stable
2020-01-07T14:00:00.0,T,2.763367458937198,-0.24288276647688042,0.131632541062802,0.1402127664768806,0.6001263918366112,0.13114,1,0.5419591639711164,stable
2020-01-07T14:30:00.0,T,2.7470415153985503,-0.23041427581521726,0.1259584846014494,0.13374427581521744,0.7765849507965905,0.11275,1,0.5466609399777942,stable
2020-01-07T15:30:00.0,T,2.69551395433273,-0.2545289871948328,0.13065604566727065,0.14202898719483276,0.30210920827553306,0.12351,1,0.5133248165846751,stable
2020-01-07T16:30:00.0,T,2.6328534853562804,-0.24954970683445482,0.12631651464371993,0.1380497068344549,0.5291668727733291,0.15433,1,0.5061777721402623,stable
2020-01-07T17:00:00.0,T,2.6088246384359906,-0.2360680846165459,0.12217536156400981,0.13239808461654598,0.632209073189745,0.11541,1,0.5175429019236707,stable
2020-01-07T18:00:00.0,T,2.618812546422101,-0.28252514128817285,0.1438524535778986,0.1568601412881729,0.8252630974635717,0.13843,1,0.5091669113835449,stable
2020-01-07T19:00:00.0,T,2.649229550800121,-0.21464338946579548,0.04810544919987929,0.07797838946579543,0.4472031042895138,0.1732,1,0.2241180095021987,stable
2020-01-07T20:00:00.0,T,2.6127912059178744,-0.2426397227829536,0.06970879408212557,0.0984697227829537,0.9033611712588181,0.13796,1,0.2872934129770729,stable
2020-01-07T20:30:00.0,T,2.5382148243508453,-0.18167643087366284,0.0602851756491545,0.0791764308736628,0.7767585729661673,0.14426,1,0.3318271685504247,stable
2020-01-07T21:30:00.0,T,2.52871731884058,-0.19261053312629373,0.09461268115942022,0.10461053312629388,0.7931740134122277,0.11748,1,0.4912123943781578,stable
2020-01-07T22:00:00.0,T,2.589071716259058,-0.18907543091679624,0.0959282837409422,0.10474543091679621,0.48949751165004074,0.13537,1,0.5073545688924332,stable
2020-01-07T22:30:00.0,T,2.64846646361715,-0.17432319104770522,0.09153353638285028,0.09865319104770531,0.8744622057434678,0.13157,1,0.5250795137050999,stable
2020-01-07T23:00:00.0,T,2.6864189236111113,-0.22348967013888899,0.12108107638888897,0.12898967013888896,0.7745182159949461,0.15755,1,0.5417748225841598,stable
2020-01-07T23:30:00.0,T,2.598510576313406,-0.22415155659614402,0.1171544236865942,0.1264865565961439,0.608031139653914,0.156,1,0.5226571943806415,stable
2020-01-08T00:30:00.0,T,2.510086610431763,-0.1889690961708507,0.09307838956823679,0.10280409617085065,0.6272259704276589,0.14565,1,0.49255879111620865,stable
2020-01-08T01:00:00.0,T,2.7476905218146133,-0.19913276821838333,0.11263947818538647,0.11813276821838335,0.7632784735226994,0.14003,1,0.5656501398195696,stable
2020-01-08T01:30:00.0,T,2.852108937424517,-0.2122730675088423,0.11439106257548297,0.12210306750884223,0.3010647744789223,0.17922,1,0.5388863689488916,stable
2020-01-08T02:30:00.0,T,3.2579829995471017,-0.21967757171972035,0.11835200045289845,0.1263425717197204,0.3539947227082382,0.20575,1,0.5387532260412092,stable
2020-01-08T03:00:00.0,T,3.3817819894323673,-0.20978061790458963,0.11221801056763293,0.12011061790458948,0.44671036659383345,0.20541,1,0.5349303080929566,stable
2020-01-08T03:30:00.0,T,3.3550493030646136,-0.22513260229576426,0.11112069693538637,0.12263260229576424,0.7357325465046947,0.1386,1,0.4935788766364606,stable
2020-01-08T04:00:00.0,T,3.440127891757246,-0.2213520547036752,0.11387210824275372,0.12368205470367506,0.24606902064850739,0.18967,1,0.5144389031996777,stable
2020-01-08T06:00:00.0,T,2.7853319424818843,-0.1925518494759318,0.11533805751811599,0.11855184947593174,0.4296704241033899,0.20142,1,0.5989974016454865,stable
2020-01-08T06:30:00.0,T,2.6913414497282613,-0.18202016624611805,0.10598855027173909,0.11002016624611799,0.21757412419320205,0.19734,1,0.5822901520067121,stable
2020-01-08T07:00:00.0,T,2.740646540911836,-0.19142807985032761,0.11402345908816426,0.11742807985032777,0.36218293639658217,0.2111,1,0.5956464651231737,stable
2020-01-08T07:30:00.0,T,2.8516930865036234,-0.17930880450957576,0.10330691349637683,0.10763880450957562,0.41233003039051597,0.19293,1,0.5761396590587378,stable
2020-01-08T08:30:00.0,T,3.13861044799215,-0.18634027996139585,0.11005455200785036,0.11367527996139588,0.23909716908951797,0.2175,1,0.5906106400111151,stable
2020-01-08T09:00:00.0,T,3.2541157293176326,-0.23490505099422015,0.1312192706823672,0.13824005099422015,0.516648318163715,0.18611,1,0.558605573302874,stable
2020-01-08T09:30:00.0,T,3.2839772851751206,-0.2178589605223433,0.11969271482487931,0.1268589605223431,0.5985574245583427,0.1676,1,0.5494045989106966,stable
2020-01-08T10:00:00.0,T,3.3814838597524153,-0.2204052796432883,0.12118614024758456,0.12840527964328843,0.4266684079684592,0.20953,1,0.5498332002015401,stable
2020-01-08T10:30:00.0,T,3.403877319293478,-0.2172137739065734,0.11745268070652183,0.12521377390657354,0.29067081896250485,0.19423,1,0.5407239080383541,stable
2020-01-08T11:00:00.0,T,3.513644413949275,-0.2179814600802276,0.11735558605072476,0.12531146008022778,0.5823694485948817,0.17011,1,0.5383741626812312,stable
2020-01-08T11:30:00.0,T,3.645483144097222,-0.19433890984623037,0.10851685590277793,0.1143389098462303,0.5908225225655671,0.17131,1,0.558389753182424,stable
2020-01-08T12:00:00.0,T,3.826410689538043,-0.2041043111898292,0.11375431046195647,0.11993931118982915,0.5380177368073373,0.18694,1,0.557334187596646,stable
2020-01-08T12:30:00.0,T,4.012830964522947,-0.18379052677493085,0.1053340354770532,0.10995552677493099,0.8805226476167506,0.16304,1,0.5731200477271869,stable
2020-01-08T13:00:00.0,T,4.161636238903986,-0.19529545207362853,0.11186376109601467,0.11679545207362851,0.563040457639284,0.16336,1,0.5727924532202665,stable
2020-01-08T13:30:00.0,T,4.254299731280193,-0.19741777195479604,0.12103026871980654,0.12341777195479618,0.5841621451246716,0.18806,1,0.6130667341718332,stable
2020-01-08T14:00:00.0,T,4.340370326766305,-0.2064715414240426,0.12246467323369577,0.12630654142404255,0.8338717244249729,0.16236,1,0.5931310067675766,stable
2020-01-08T14:30:00.0,T,4.47551719580314,-0.19736046837258459,0.11848280419685979,0.12169046837258447,0.6912299746168332,0.17874,1,0.6003370643262939,stable
2020-01-08T20:00:00.0,T,1.1547882367149758,-0.09202647084195989,0.0593817632850241,0.059526470841959916,0.8513684637574296,0.06118,1,0.6452682879364392,stable
2020-01-08T21:00:00.0,T,1.0496998258605073,-0.12430844379205479,0.05630017413949276,0.06430844379205485,0.9045844339110612,0.07237,1,0.4529070787312937,stable
2020-01-09T04:30:00.0,T,0.2352078278230676,-0.0511147034431073,0.03429217217693237,0.03394470344310731,0.9044823391958209,0.11848,1,0.6708866503568962,stable
2020-01-09T09:00:00.0,T,0.36768145403079705,-0.09003860246829715,0.05531854596920294,0.056368602468297134,0.9151861210035215,0.13512,1,0.6143869901654766,stable
2020-01-09T10:30:00.0,T,0.42994003487318844,-0.10271273948628368,0.07089496512681161,0.06954773948628365,0.5416597585422099,0.10714,1,0.6902256281099285,stable
2020-01-09T13:00:00.0,T,1.3848485717089372,-0.15212207493314361,0.07348642829106282,0.08178707493314356,0.8652898024844351,0.12054,1,0.4830753743226254,stable
2020-01-09T20:30:00.0,T,-1.4326242552083333,0.10907958444940476,-0.06670574479166662,-0.06807958444940472,0.1984041406081518,0.37101,1,0.6115328099971564,stable
2020-01-09T21:30:00.0,T,-1.8014059693538647,0.05901950978045223,-0.055429030646135365,-0.04985450978045214,0.176732070339364,0.42981,1,0.9391645381726627,stable
2020-01-10T03:00:00.0,T,-2.6388686887832127,0.061810739254442616,-0.05646631121678743,-0.05114573925444269,0.4660887976165435,0.03751,1,0.9135356072080782,stable
2020-01-10T06:30:00.0,T,-2.4608777690972223,0.039780439608134766,-0.028957230902777863,-0.027945439608134944,0.22321731855828786,0.33687,1,0.727926367532056,stable
2020-01-10T08:30:00.0,T,-2.990789650739734,0.2832750047823932,-0.07071034926026591,-0.1077750047823932,0.23756121720170445,0.35716,1,0.2496173261547885,stable
2020-01-10T09:00:00.0,T,-2.859667913798309,0.2609256605741026,-0.07699708620169064,-0.10726066057410266,0.30382473064616655,0.31523,1,0.2950920428150973,stable
2020-01-10T09:30:00.0,T,-2.8270760850694447,0.2654991362847221,-0.09125891493055557,-0.1178341362847222,0.2242941803461737,0.38189,1,0.34372584486560903,stable
2020-01-10T10:00:00.0,T,-2.7036445867300722,0.20290762430447706,-0.05269041326992754,-0.07857262430447719,0.22915236540038397,0.35393,1,0.25967685270841223,stable
2020-01-10T10:30:00.0,T,-2.3978169381038645,0.240260631060214,-0.06618306189613524,-0.09559063106021393,0.33463014639341443,0.27935,1,0.2754636146757996,stable
2020-01-10T11:00:00.0,T,-1.96154337182971,0.17248680560947205,-0.0579566281702899,-0.07565680560947208,0.35284938148571676,0.28157,1,0.33600615400988815,stable
2020-01-10T11:30:00.0,T,-1.7110328038194447,0.1017616772073412,-0.016802196180555506,-0.03292667720734122,0.20217611825369058,0.29938,1,0.1651132001914703,stable
2020-01-10T12:00:00.0,T,-1.5516516449275362,0.01808731457039326,0.006816644927536268,0.0007476854296066741,0.13816884232532156,0.39062,1,0.3768743503081595,stable
2020-01-10T18:00:00.0,T,-2.203220624471619,0.15487542047856287,-0.061609375528381694,-0.07437542047856285,0.15252546694511185,0.41051,1,0.39779956908597625,stable
2020-01-10T18:30:00.0,T,-2.399970469882246,0.2095432172780799,-0.06936453011775374,-0.09120821727807983,0.15122893233031293,0.44026,1,0.3310273222812156,stable
2020-01-10T19:00:00.0,T,-2.4899016231129227,0.2169442874234388,-0.0700983768870773,-0.09327428742343863,0.1368635399100033,0.4729,1,0.32311695191243756,stable
2020-01-10T20:00:00.0,T,-2.4875954338013284,0.20039629007613008,-0.059904566198671606,-0.08289629007613016,0.17055305163901482,0.07588,1,0.29893051501060225,stable
2020-01-10T21:30:00.0,T,-2.5813069388586958,0.02462776847179096,-0.032523061141304356,-0.027127768471790905,0.44813307759872373,0.0909,1,1.3205849802655403,stable
2020-01-10T23:00:00.0,T,-2.4220418276721016,0.04641382357983944,-0.029788172327898495,-0.02991382357983948,0.18002983798880057,0.08417,1,0.6417952676675714,stable
2020-01-10T23:30:00.0,T,-2.1762455302687203,0.07159159115661681,-0.04908946973128024,-0.0482565911566167,0.10631492635218372,0.5503,1,0.685687647644121,stable
2020-01-11T00:00:00.0,T,-1.9923009455012077,0.20530493483652543,-0.07752905449879233,-0.09580493483652527,0.14127842230086038,0.51007,1,0.37762879182872555,stable
2020-01-11T00:30:00.0,T,-1.9489600788798311,0.20721318093836275,-0.08520492112016917,-0.10137818093836273,0.14139558673635624,0.46743,1,0.4111945038164057,stable
2020-01-11T02:00:00.0,T,-2.0929724305555557,0.11713067956349185,-0.06869756944444448,-0.07113067956349203,0.11502823943278076,0.4818,1,0.5865036359428469,stable
2020-01-11T02:30:00.0,T,-2.1467662269776566,0.04915120775642679,-0.050568773022343055,-0.04448620775642687,0.13037854730975487,0.47611,1,1.0288409040311102,stable
2020-01-11T03:00:00.0,T,-2.3338007710597823,0.10029163973537815,-0.0628642289402175,-0.06362663973537798,0.32468119130328726,0.27524,1,0.6268142499822142,stable
2020-01-11T03:30:00.0,T,-2.55679196044686,0.17675956213336785,-0.07854303955314004,-0.0904245621333678,0.5018669450355322,0.21342,1,0.4443495933412535,stable
2020-01-11T14:30:00.0,T,-1.9454998775664252,-0.11896502446730516,-0.0118351224335749,0.017300024467305043,0.20143544650794137,0.11751,1,0.09948404992618243,stable
2020-01-11T16:00:00.0,T,-1.1541067250150965,-0.2111791262993875,0.06360672501509664,0.08767912629938751,0.1267344016125024,0.14131,1,0.3011979741071649,stable
2020-01-11T17:00:00.0,T,-0.2945038697916667,-0.2434235576636905,0.1258338697916667,0.1364235576636905,0.4859348276885665,0.14735,1,0.5169338210294192,stable
2020-01-11T17:30:00.0,T,0.3166110882397343,-0.25346252115144063,0.13188891176026574,0.14263252115144065,0.8031127252512956,0.17108,1,0.5203487725171951,stable
2020-01-11T18:30:00.0,T,0.23268435877113522,-0.2074183164844289,0.11515064122886476,0.12158331648442891,0.4206145764164333,0.17936,1,0.5551613916291198,stable
2020-01-11T19:00:00.0,T,0.4493046514190821,-0.2139124105956694,0.11186034858091791,0.12074741059566944,0.3653931391877787,0.20464,1,0.5229259408999549,stable
2020-01-11T19:30:00.0,T,0.4078150973731884,-0.21397620228390274,0.11118490262681165,0.12030620228390272,0.35577566209850714,0.18232,1,0.5196134029862441,stable
2020-01-11T20:00:00.0,T,0.3972939901871981,-0.22091813329235682,0.12154100981280196,0.12875313329235683,0.44301540942424755,0.16633,1,0.5501631215213919,stable
2020-01-11T20:30:00.0,T,0.5080174141757245,-0.2412145923751295,0.1244825858242754,0.13504459237512945,0.21995740477039794,0.17578,1,0.5160657346578931,stable
2020-01-11T21:00:00.0,T,0.3688042329408212,-0.2269330189031229,0.10753076705917879,0.12059801890312288,0.3608310095031906,0.16272,1,0.47384363711780253,stable
2020-01-11T21:30:00.0,T,0.30832594550120773,-0.23072130388414425,0.1080040544987923,0.12172130388414425,0.3671088945537161,0.13953,1,0.4681147890574773,stable
2020-01-11T23:00:00.0,T,0.6267042334692029,-0.22963951806741723,0.09213076653079713,0.11080451806741722,0.4444798310512837,0.13758,1,0.4011973518588796,stable
2020-01-11T23:30:00.0,T,0.41064784057971015,-0.1853305340320911,0.07668715942028988,0.09099553403209111,0.4508280829829452,0.11488,1,0.4137858870412095,stable
2020-01-12T00:00:00.0,T,0.40266232563405796,-0.17885929364001035,0.07283767436594203,0.08702929364001034,0.13628571648660162,0.13109,1,0.40723449636641323,stable
2020-01-12T00:30:00.0,T,0.5339285569142511,-0.2488295328567115,0.09923644308574883,0.11966453285671154,0.44345632948111174,0.15399,1,0.3988129622173673,stable
2020-01-12T01:00:00.0,T,0.748654907155797,-0.2586839436141305,0.10184509284420291,0.12351394361413046,0.5421455717431842,0.15381,1,0.3937047325833317,stable
2020-01-12T01:30:00.0,T,0.9840980763134058,-0.21422715183423927,0.07806692368659426,0.09806215183423919,0.4654248995441062,0.15337,1,0.36441190119074846,stable
2020-01-12T02:00:00.0,T,1.3521816861413043,-0.18261770176630446,0.08465331385869579,0.09578270176630446,0.7397194276372686,0.13655,1,0.46355480898027335,stable
2020-01-12T03:00:00.0,T,2.285082931914251,-0.17306427988052092,0.09675206808574874,0.10189927988052098,0.6543692662671221,0.14125,1,0.5590527875107668,stable
2020-01-12T04:00:00.0,T,2.6520147669836955,-0.17390815426048145,0.08981523301630442,0.09740815426048142,0.8726265033362788,0.12648,1,0.5164521088630395,stable
2020-01-12T04:30:00.0,T,2.830460076237922,-0.18089278333117684,0.0930399237620774,0.10106278333117677,0.9631619854202401,0.12973,1,0.5143373994734813,stable
2020-01-12T09:30:00.0,T,3.6983249473882847,-0.1758709599130864,0.08517505261171479,0.09470095991308644,0.7026606091212069,0.08467,1,0.4843042458732665,stable
2020-01-12T10:30:00.0,T,3.603116954861111,-0.1742496321924602,0.08154804513888869,0.09191463219246017,0.759321246039562,0.06256,1,0.4679955080124254,stable
2020-01-12T16:00:00.0,T,0.7407740998641305,0.07633416092456001,0.0010609001358695572,-0.015499160924560038,0.2606942150933563,0.34287,1,0.01389810437450187,stable
2020-01-12T16:30:00.0,T,0.5132438570350242,0.10677301920505523,-0.0065788570350241585,-0.027108019205055216,0.3391732077940234,0.29164,1,0.061615350806832656,stable
2020-01-12T17:00:00.0,T,0.29975149479166674,0.10286847730654763,-0.003251494791666689,-0.024038477306547634,0.4222928002015255,0.24135,1,0.03160827181272693,stable
2020-01-12T17:30:00.0,T,0.12819799192330916,0.11034448637530192,0.009302008076690809,-0.017174486375301935,0.18555180687122544,0.39949,1,0.08429970886857877,stable
2020-01-12T18:00:00.0,T,0.0886122279589372,0.10892175765614216,0.0178877720410628,-0.011091757656142164,0.1849856032943523,0.38801,1,0.16422588494700166,stable
2020-01-12T18:30:00.0,T,0.11371040021135265,-0.0174065919276225,0.04462459978864734,0.0337415919276225,0.8381994455492885,0.074,1,2.563660938005482,stable
2020-01-12T19:00:00.0,T,0.12885779174214976,-0.06738414528877676,0.05530720825785025,0.05154914528877675,0.17999475667447948,0.0701,1,0.8207747982975753,stable
2020-01-12T19:30:00.0,T,0.14058275015096616,-0.059246915577553474,0.04108724984903382,0.040246915577553485,0.10489819857867502,0.05336,1,0.6934917952859694,stable
2020-01-12T20:00:00.0,T,0.05542215677838165,-0.012894723122627669,0.03290784322161836,0.024894723122627672,0.1494546853394051,0.04741,1,2.552039536535039,stable
2020-01-12T22:30:00.0,T,-0.0789310003019324,-0.11263339205917874,0.04759600030193239,0.05596839205917875,0.5728078643033112,0.0555,1,0.4225745086050943,stable
2020-01-13T01:00:00.0,T,-0.6239297524154589,-0.23949446385438233,0.09375975241545895,0.11399446385438235,0.28294661092700446,0.09477,1,0.3914902704075316,stable
2020-01-13T01:30:00.0,T,-0.6822702976298309,-0.2127437096866373,0.0827702976298309,0.1009137096866373,0.3144990344879641,0.08741,1,0.38906108082701074,stable
2020-01-13T02:00:00.0,T,-0.8117085365338165,-0.17991240344634232,0.06837353653381646,0.08424740344634232,0.7872713960683667,0.1041,1,0.380037925257379,stable
2020-01-13T02:30:00.0,T,-0.9412526690821257,-0.13960383885438235,0.06008266908212562,0.07010383885438234,0.5979665497512069,0.08355,1,0.43037977734119837,stable
2020-01-13T03:00:00.0,T,-0.917631899758454,-0.09538437504313316,0.0219668997584541,0.03504937504313318,0.9160054832884755,0.08769,1,0.23029872291473932,stable
2020-01-13T04:00:00.0,T,-1.1585858863224638,-0.08721768882634576,-0.013579113677536203,0.009382688826345775,0.4239439877830402,0.06676,1,0.15569219799635844,stable
2020-01-13T05:00:00.0,T,-0.6948620566123188,-0.1619558786555383,0.03053205661231886,0.05495587865553831,0.5467302204891666,0.10222,1,0.18852082965915098,stable
2020-01-13T05:30:00.0,T,-0.5669848130283817,-0.19647134458570564,0.038484813028381686,0.06764134458570568,0.37754828678436547,0.09352,1,0.1958800307980468,stable
2020-01-13T06:00:00.0,T,-0.6006715806159421,-0.19594170063405794,0.03167158061594203,0.06294170063405796,0.5962607194067051,0.08935,1,0.16163777548859848,stable
2020-01-13T06:30:00.0,T,-0.5758475403834542,-0.19022285086158564,0.029682540383454147,0.060387850861585615,0.3939440859743573,0.11,1,0.15604087652462137,stable
2020-01-13T07:00:00.0,T,-0.5510042429800724,-0.1916306398324275,0.030839242980072464,0.06146563983242752,0.527506239481411,0.09333,1,0.16093064766177273,stable
2020-01-13T07:30:00.0,T,-0.5169322854770532,-0.19307138391778816,0.033267285477053155,0.06340638391778813,0.10065923042954796,0.10858,1,0.17230562500768482,stable
2020-01-13T08:00:00.0,T,-0.4781451377566425,-0.18078831524434952,0.027810137756642542,0.05712331524434956,0.3632414211457361,0.08027,1,0.15382707515723554,stable
2020-01-13T08:30:00.0,T,-0.4620234998490338,-0.1698690881966011,0.02419349984903383,0.052369088196601105,0.5805260272534254,0.07684,1,0.14242438165696775,stable
2020-01-13T09:00:00.0,T,-0.5044037890247585,-0.13521011784528122,0.007903789024758438,0.034040117845281215,0.5791487319412613,0.07246,1,0.058455603402421535,stable
2020-01-13T10:00:00.0,T,-0.7058479217240339,-0.18230743231862495,0.020177921724033862,0.05230743231862495,0.4701587194511817,0.08475,1,0.1106807411382341,stable
2020-01-13T10:30:00.0,T,-0.7299199348580918,-0.22045606278575744,0.027419934858091768,0.06528606278575741,0.18941530788634753,0.08625,1,0.12437822989127262,stable
2020-01-13T18:00:00.0,T,-1.0322097012379228,-0.17385050833549004,0.009044701237922788,0.04301550833549005,0.13642160206411816,0.10804,1,0.052025739381035746,stable
2020-01-13T20:30:00.0,T,-0.866956953125,-0.20594224516369045,0.025791953124999992,0.06110724516369046,0.12169215588236072,0.13931,1,0.12523876829884806,stable
2020-01-13T21:30:00.0,T,-0.8282996539100241,-0.20538036035088858,0.025134653910024223,0.06054536035088859,0.10923319720344019,0.15638,1,0.12238100014569128,stable
2020-01-13T22:30:00.0,T,-0.6704446048460144,-0.19237161353196164,0.024279604846014477,0.05720661353196167,0.2142915707013111,0.12041,1,0.12621199354852078,stable
2020-01-13T23:30:00.0,T,-0.40400162930253625,-0.2116785994921066,0.04166662930253626,0.07301359949210663,0.6809968135270839,0.08398,1,0.1968391202630287,stable
2020-01-14T00:00:00.0,T,-0.27070731242451695,-0.2309773372530625,0.07587231242451695,0.10014233725306249,0.4903993663187318,0.1305,1,0.32848379553960316,stable
2020-01-14T00:30:00.0,T,-0.23183250105676326,-0.2610965254809351,0.10566250105676328,0.1265965254809351,0.14250221498008067,0.14004,1,0.40468750345158694,stable
2020-01-14T01:00:00.0,T,-0.12878151396437199,-0.2660779906239217,0.10678151396437197,0.12840799062392166,0.2587965219097698,0.14839,1,0.40131659786659485,stable
2020-01-14T01:30:00.0,T,-0.07171352581521745,-0.26050115052406836,0.10471352581521742,0.12583115052406835,0.48302401595407324,0.11562,1,0.40196953297349325,stable
2020-01-14T02:00:00.0,T,-0.06322436141304344,-0.2672408692417184,0.1083943614130435,0.12974086924171843,0.2627578354100913,0.14504,1,0.4056054813794262,stable
2020-01-14T03:00:00.0,T,0.002055860507246321,-0.25546581586438927,0.10427413949275365,0.12446581586438925,0.26634328731538937,0.13184,1,0.4081725734612815,stable
2020-01-14T03:30:00.0,T,-0.03557158763586965,-0.27416819473020193,0.10907158763586959,0.1316681947302019,0.29828548099311947,0.16005,1,0.39782728169181925,stable
2020-01-14T04:00:00.0,T,-0.05872669104770534,-0.2785288217251122,0.10922669104770534,0.13269882172511216,0.44561328594074584,0.12072,1,0.3921557933257772,stable
2020-01-14T04:30:00.0,T,-0.0706638064613527,-0.2609419400664251,0.1034988064613527,0.12510694006642514,0.39233600610815983,0.13532,1,0.3966353834688519,stable
2020-01-14T05:00:00.0,T,-0.05930123769625614,-0.2584390332610853,0.10230123769625607,0.12376903326108527,0.5374975841820537,0.12183,1,0.3958428276308685,stable
2020-01-14T05:30:00.0,T,-0.08781870531400973,-0.2684850198844031,0.10415370531400972,0.12715001988440308,0.5016142163575523,0.11839,1,0.38793116040087955,stable
2020-01-14T06:00:00.0,T,0.020926697539251193,-0.2822836165620687,0.10940830246074883,0.1336186165620687,0.14210899636448115,0.17339,1,0.3875828990475332,stable
2020-01-14T06:30:00.0,T,0.12677789100241543,-0.2632720006254313,0.10672210899758458,0.12777200062543134,0.6696447418184698,0.12143,1,0.40536824555613427,stable
2020-01-14T07:00:00.0,T,0.2834718154438406,-0.2477387183456263,0.09919318455615944,0.1194037183456263,0.5682207008730588,0.10108,1,0.40039435587041594,stable
2020-01-14T07:30:00.0,T,0.5057626352657005,-0.2539964199879228,0.10057236473429956,0.12166141998792275,0.5060079645653622,0.13501,1,0.3959597727364884,stable
2020-01-14T08:00:00.0,T,0.7057593196708938,-0.2566070658266477,0.10041068032910633,0.12210706582664772,0.3173338219354383,0.15532,1,0.3913013073339894,stable
2020-01-14T08:30:00.0,T,0.7120712554347826,-0.2658071482919255,0.10176374456521742,0.12497214829192548,0.5744546988770909,0.13022,1,0.38284803557447716,stable
2020-01-14T09:00:00.0,T,0.7172514484450481,-0.26379047312262766,0.1070835515549517,0.12812547312262768,0.5248958081820759,0.13632,1,0.4059416941307506,stable
2020-01-14T09:30:00.0,T,0.6495361367753623,-0.24782685850155287,0.09979386322463778,0.11982685850155286,0.24742681491333932,0.12072,1,0.40267573832806536,stable
2020-01-14T10:00:00.0,T,0.6650616339070048,-0.25398377800422706,0.10476836609299518,0.12448377800422707,0.17830563135698338,0.12739,1,0.4125002270469869,stable
2020-01-14T11:30:00.0,T,0.6982646563254831,-0.2802173751994911,0.11540534367451691,0.13721737519949104,0.2329800005915666,0.10317,1,0.4118422121125004,stable
2020-01-14T12:00:00.0,T,0.9201741338315216,-0.27752904640592646,0.11399086616847826,0.13569404640592647,0.602358521696954,0.12394,1,0.41073490376841526,stable
2020-01-14T12:30:00.0,T,1.2151267746074879,-0.2540818403316943,0.10537322539251211,0.1249118403316943,0.7448763035740137,0.14155,1,0.4147215922828303,stable
2020-01-14T13:00:00.0,T,1.295576647418478,-0.26446299600478784,0.11058835258152179,0.13062799600478783,0.20249241753936495,0.10718,1,0.41816191396213215,stable
2020-01-14T13:30:00.0,T,1.371803389719203,-0.2719808580971791,0.11319661028079711,0.13398085809717908,0.2379904336123616,0.10694,1,0.4161932978399231,stable
2020-01-14T14:00:00.0,T,1.4650668162741545,-0.2612266736650277,0.1107681837258454,0.1300616736650276,0.7634388472206178,0.12361,1,0.424030908374556,stable
2020-01-14T16:00:00.0,T,2.1350772575483092,-0.20781488899672196,0.09358774245169094,0.10714988899672197,0.5670175272513555,0.13765,1,0.45034185425071815,stable
2020-01-14T16:30:00.0,T,2.174952424365942,-0.26375207838379927,0.11421257563405805,0.13291707838379924,0.2691854623465131,0.14992,1,0.43303004978736676,stable
2020-01-14T17:00:00.0,T,2.104904131416063,-0.2685500608555468,0.10992586858393714,0.13105006085554685,0.5374835161984679,0.13451,1,0.4093310134942264,stable
2020-01-14T18:00:00.0,T,2.558035775966183,-0.2484132710058662,0.11013422403381662,0.12691327100586625,0.5130365944541636,0.18035,1,0.44335080645194613,stable
2020-01-14T18:30:00.0,T,2.144998158967391,-0.2139516745923913,0.10150184103260858,0.11378167459239122,0.4528345275695505,0.1472,1,0.47441480056645585,stable
2020-01-14T19:00:00.0,T,1.6536651136020533,-0.2072265613947119,0.10749988639794691,0.1163915613947119,0.7426616152760974,0.11986,1,0.518755345233896,stable
2020-01-14T20:00:00.0,T,1.4531681089975845,-0.21250172258885436,0.10649689100241545,0.11683672258885437,0.297482470522074,0.14111,1,0.5011577774758291,stable
2020-01-14T20:30:00.0,T,1.2625903475996376,-0.22426148041213767,0.11257465240036228,0.12342648041213765,0.4125409581425182,0.1844,1,0.5019794402207532,stable
2020-01-14T21:30:00.0,T,1.1121868198218599,-0.20559749628515353,0.10064818017814016,0.11143249628515359,0.12999146012624999,0.16194,1,0.48953991170469374,stable
2020-01-14T22:00:00.0,T,1.1014339271588163,-0.1988444213304434,0.09373607284118352,0.10534442133044337,0.2081380154130725,0.14647,1,0.4714040867428267,stable
2020-01-14T22:30:00.0,T,1.1728830003774153,-0.2077491579915028,0.09945199962258458,0.11108415799150277,0.7850576897936697,0.09869,1,0.47871192636387144,stable
2020-01-15T00:00:00.0,T,1.7393171100543479,-0.20762462865553827,0.09435288994565218,0.1076246286555383,0.18299863148849496,0.1134,1,0.4544397769986589,stable
2020-01-15T01:00:00.0,T,2.2650535342693234,-0.19024189860464108,0.09011146573067634,0.10107689860464113,0.21250882373594207,0.12265,1,0.47366782181850037,stable
2020-01-15T02:00:00.0,T,2.7644174750905792,-0.13695339398938922,0.07158252490942045,0.07728339398938933,0.2542226661171036,0.16332,1,0.5226779915725672,stable
2020-01-15T03:00:00.0,T,2.6107329321407007,-0.13400539431827968,0.07160206785929947,0.07667039431827978,0.11984328666566275,0.14101,1,0.5343222802601181,stable
2020-01-15T03:30:00.0,T,2.525025972599638,-0.13082584053118537,0.07530902740036237,0.07849084053118535,0.21488619440286863,0.15164,1,0.575643367507436,stable
2020-01-15T04:00:00.0,T,2.4327087994414254,-0.12470241117257569,0.07062620055857467,0.07403741117257573,0.6087356745307375,0.13415,1,0.5663579388279434,stable
2020-01-15T08:30:00.0,T,1.7392348505434783,-0.21005125679347816,0.08976514945652167,0.10505125679347818,0.6911608045712775,0.08176,1,0.4273487853718415,stable
2020-01-15T09:30:00.0,T,1.6317442436594203,-0.2211930755046585,0.09908575634057977,0.11369307550465846,0.6600086145472212,0.1069,1,0.4479604802931227,stable
2020-01-15T10:00:00.0,T,1.8107922730223431,-0.2165132892673828,0.1010377269776571,0.11401328926738277,0.5717660909893642,0.11597,1,0.46665831607629726,stable
2020-01-15T13:00:00.0,T,6.094286187424517,-0.16834128477074708,0.12587881257548303,0.12050628477074701,0.9391615247573186,0.15727,1,0.7477596048224837,stable
2020-01-15T21:30:00.0,T,2.73129780321558,-0.07161252977807969,0.06620219678442024,0.05978252977807968,0.9933072683747809,0.12957,1,0.9244499110640896,stable
2020-01-16T01:30:00.0,T,2.1092270987318837,-0.1069663174818842,0.060772901268115985,0.06363631748188411,0.9771470789037769,0.0973,1,0.5681498877289898,stable
2020-01-16T04:30:00.0,T,2.235240029211956,-0.19564033985183765,0.08775997078804375,0.10064033985183769,0.8275155393026706,0.095,1,0.4485780941420677,stable
2020-01-16T07:30:00.0,T,2.556266004906401,-0.20924446162763125,0.08956399509359911,0.10474446162763121,0.8608531878516398,0.09972,1,0.4280352005348942,stable
2020-01-16T08:00:00.0,T,2.5906129288949273,-0.1749996588056418,0.07822207110507254,0.08983465880564187,0.47918862947885116,0.04151,1,0.44698413493450045,stable
2020-01-16T11:00:00.0,T,2.8840206359450486,-0.22001612639643714,0.08681436405495158,0.1051811263964371,0.9132235162202393,0.07298,1,0.39458182214573073,stable
2020-01-16T15:00:00.0,T,3.281682060688406,-0.23075626455745357,0.09764793931159424,0.11475626455745347,0.6207125294062561,0.07436,1,0.42316484667865606,stable
2020-01-16T18:30:00.0,T,3.2479583925875604,-0.22374641776117138,0.09637660741243953,0.11241141776117142,0.854464297323855,0.07283,1,0.4307403371048052,stable
2020-01-16T21:00:00.0,T,2.5674750810688405,-0.0606337901462216,0.04419491893115947,0.04263379014622158,0.9906043332479116,0.0718,1,0.7288826712725871,stable
2020-01-16T22:30:00.0,T,1.6608220113979468,-0.031806337414812,0.04017798860205322,0.033806337414812,0.2671359587300496,0.07965,1,1.2632070168300042,stable
2020-01-17T05:30:00.0,T,1.1536457279589372,-0.23133906377242922,0.09635427204106285,0.11400906377242928,0.7824747430761191,0.10459,1,0.41650670868041384,stable
2020-01-17T06:30:00.0,T,1.181775882397343,-0.2685891698477398,0.11022411760265706,0.13125916984773983,0.3478563353335073,0.11966,1,0.41038183954007484,stable
2020-01-17T07:00:00.0,T,1.1557268649607488,-0.24548977480697887,0.10077313503925121,0.11998977480697894,0.8401513441325656,0.09083,1,0.41049829924071607,stable
2020-01-17T07:30:00.0,T,1.176584051781401,-0.27140218298179786,0.10608094821859913,0.12906718298179787,0.5376352883232862,0.12872,1,0.3908625459571697,stable
2020-01-17T08:00:00.0,T,1.1462091337560385,-0.25565395766476884,0.10029086624396139,0.12182395766476883,0.5256591365614441,0.11045,1,0.39229146757614336,stable
2020-01-17T08:30:00.0,T,1.1556184839221015,-0.24246409218103004,0.09921651607789861,0.11829909218103006,0.4794244571925029,0.10797,1,0.4092008642822912,stable
2020-01-17T09:00:00.0,T,1.2567525971467393,-0.24311068308423917,0.09724740285326093,0.11711068308423918,0.3100962902911144,0.09597,1,0.4000128732292862,stable
2020-01-17T09:30:00.0,T,1.3432694536533816,-0.25789103971488964,0.10389554634661848,0.12472603971488967,0.44326540130454933,0.11157,1,0.4028660571591776,stable
2020-01-17T11:00:00.0,T,1.7401555424214974,-0.2869655213401485,0.1106744575785025,0.13546552134014847,0.4404155991375514,0.11513,1,0.38567162027565277,stable
2020-01-17T12:00:00.0,T,2.1004953960597823,-0.27856739568775885,0.11050460394021744,0.13356739568775883,0.9078669035541411,0.09512,1,0.39668893650454357,stable
2020-01-17T12:30:00.0,T,2.272167707201087,-0.28593279090644425,0.11416729279891308,0.13759779090644414,0.5831094488829778,0.1009,1,0.39928016803175276,stable
2020-01-17T13:00:00.0,T,2.3736193253321254,-0.2764800606991894,0.1100456746678745,0.13281506069918922,0.15670969596956288,0.09567,1,0.398023909534671,stable
2020-01-17T13:30:00.0,T,2.4941600392512076,-0.279111800163906,0.1163399607487922,0.13761180016390606,0.8279969529712131,0.1033,1,0.4168220787529318,stable
2020-01-17T14:00:00.0,T,2.6448119125905794,-0.25532380619177025,0.1043530874094203,0.1244888061917702,0.6143515185834657,0.07994,1,0.4087088037965489,stable
2020-01-17T15:00:00.0,T,2.5821338016304347,-0.2601245084756731,0.09586619836956535,0.11979450847567301,0.21240579110536897,0.10842,1,0.3685396617617474,stable
2020-01-17T17:30:00.0,T,2.6916302066727056,-0.24231795840881654,0.10770479332729468,0.12398295840881644,0.7499534539758457,0.05644,1,0.4444771408381754,stable
2020-01-17T18:30:00.0,T,3.19452940625,-0.23441449181547652,0.10564059375000016,0.12091449181547638,0.5315117117450223,0.16911,1,0.45065726496618225,stable
2020-01-17T19:00:00.0,T,3.4596334471618357,-0.2661282710705659,0.1135315528381643,0.13296327107056594,0.49020694405843607,0.13564,1,0.4266046308475831,stable
2020-01-17T19:30:00.0,T,3.4989730959390095,-0.26918260548762085,0.11636190406099026,0.13551760548762073,0.5134564661470339,0.13172,1,0.43227868996290514,stable
2020-01-17T21:00:00.0,T,3.481082659571256,-0.27609875952165275,0.11058734042874384,0.13309875952165276,0.8166534818553799,0.09082,1,0.4005354483313828,stable
2020-01-17T21:30:00.0,T,3.4870077440368354,-0.2796316769485423,0.11249225596316435,0.1351316769485422,0.42780573601930855,0.11127,1,0.4022872415268787,stable
2020-01-17T22:00:00.0,T,3.4818968461654585,-0.2787780354015703,0.1087681538345412,0.13244303540157018,0.3196425784482798,0.0884,1,0.39016041445971295,stable
2020-01-17T22:30:00.0,T,3.4942905142663045,-0.2857878821978518,0.11003948573369543,0.13478788219785176,0.3443913399653123,0.12968,1,0.3850390187555775,stable
2020-01-17T23:00:00.0,T,3.49792433740942,-0.3052900330939442,0.11924066259057971,0.14512503309394412,0.6244564852928279,0.1128,1,0.3905815770732575,stable
2020-01-18T00:00:00.0,T,3.386704987771739,-0.2831415614324532,0.11313001222826091,0.1363065614324534,0.3756296696484041,0.10541,1,0.39955283023770927,stable
2020-01-18T00:30:00.0,T,3.446020590655193,-0.2720417507494392,0.1083144093448067,0.13070675074943922,0.5765698555742649,0.10372,1,0.39815362548731864,stable
2020-01-18T01:00:00.0,T,3.495536383982488,-0.28546388460252775,0.1131286160175122,0.1367988846025277,0.24688977917104718,0.14455,1,0.3962974727084284,stable
2020-01-18T02:00:00.0,T,3.282379378245773,-0.3034589349174002,0.1141206217542272,0.14128893491740008,0.4229347590034995,0.0913,1,0.3760661118292338,stable
2020-01-18T12:30:00.0,T,0.4040670359299517,-0.32226764852915807,0.12176796407004833,0.15043264852915805,0.5290889663096849,0.07559,1,0.3778473099170891,stable
2020-01-18T16:00:00.0,T,0.663652942481884,-0.20284194173783643,0.09668205751811595,0.10817694173783644,0.44589362025101487,0.06232,1,0.4766374088603082,stable
2020-01-18T19:30:00.0,T,2.586053895531401,-0.2142587268806075,0.10261110446859907,0.11459372688060736,0.514912192919241,0.10755,1,0.4789121356339319,stable
2020-01-18T20:00:00.0,T,2.733980456597222,-0.217898759548611,0.10835454340277761,0.11923375954861097,0.10801108851226936,0.12332,1,0.49727012502154616,stable
2020-01-18T21:30:00.0,T,2.982422805329106,-0.23344339250668586,0.13074219467089382,0.13760839250668574,0.17902775475065716,0.14524,1,0.5600595213554795,stable
2020-01-18T23:00:00.0,T,3.2002793395229467,-0.23700768153683588,0.1297206604770531,0.13767768153683574,0.14481447691436866,0.13026,1,0.547326819265526,stable
2020-01-19T00:30:00.0,T,3.343721034646739,-0.15657374111995337,0.07844896535326079,0.08607374111995335,0.6202261128676694,0.10204,1,0.5010352616736667,stable
2020-01-19T01:00:00.0,T,3.204280321256039,-0.17500396212905453,0.07821967874396142,0.08983396212905456,0.3190670590174177,0.12526,1,0.44695947333054825,stable
2020-01-19T01:30:00.0,T,3.063021301328502,-0.14646686184437552,0.0814786986714977,0.08596686184437553,0.4940496021504476,0.11199,1,0.556294424864996,stable
2020-01-19T02:00:00.0,T,2.8325229574275363,-0.12701717617753605,0.07580704257246368,0.07801717617753613,0.188528453451915,0.14592,1,0.5968251291188028,stable
2020-01-19T02:30:00.0,T,2.753266555932971,-0.16395030779309,0.08856344406702905,0.09445030779309009,0.1975069470921825,0.15564,1,0.5401846770473812,stable
2020-01-19T03:00:00.0,T,2.610499454634662,-0.17240018442136812,0.0848355453653381,0.09373518442136813,0.20697710833181848,0.13664,1,0.4920850035635065,stable
2020-01-19T03:30:00.0,T,2.586266997660024,-0.1776986240241113,0.08706800233997576,0.09636362402411135,0.2788026468795983,0.11975,1,0.48997566986316005,stable
2020-01-19T04:00:00.0,T,2.5293360999396137,-0.18644761531659798,0.08556890006038662,0.09721261531659782,0.2703768006360203,0.13051,1,0.45894338694054126,stable
2020-01-19T04:30:00.0,T,2.3854989790157006,-0.17663846686292248,0.0766710209842994,0.08913846686292257,0.339105848647034,0.0993,1,0.43405619594625866,stable
2020-01-19T05:00:00.0,T,2.342466319142512,-0.1916085488052106,0.08353368085748805,0.09693854880521059,0.2614890916983125,0.09707,1,0.43596009352593373,stable
2020-01-19T05:30:00.0,T,2.2961252596618356,-0.21190413863008972,0.08970474033816422,0.10540413863008968,0.6521527704725641,0.08523,1,0.42332698605173175,stable
2020-01-19T06:30:00.0,T,2.164040065896739,-0.22485683114971522,0.09445993410326087,0.1113568311497153,0.26477922823071526,0.11325,1,0.4200892346489003,stable
2020-01-19T07:00:00.0,T,2.081848353336353,-0.22106854616869384,0.09398664666364723,0.11023354616869382,0.2865281323909465,0.10086,1,0.4251470790056562,stable
2020-01-19T07:30:00.0,T,1.9265916496074877,-0.23068420045074206,0.09607835039251213,0.11368420045074196,0.7824042056607284,0.09322,1,0.41649298133457435,stable
2020-01-20T03:30:00.0,T,-0.9176816894625603,-0.16678681624180466,0.027516689462560417,0.05395181624180471,0.8187710744554817,0.06591,1,0.16498120224722795,stable
2020-01-20T07:30:00.0,T,-0.18620491342089374,-0.22882498551263802,0.08870491342089373,0.10832498551263803,0.8627813745757835,0.07212,1,0.3876539671669489,stable
2020-01-20T08:00:00.0,T,-0.17593718319746376,-0.24323933651979815,0.09393718319746379,0.11490933651979815,0.9223127915561061,0.07881,1,0.38619240021573525,stable
2020-01-20T10:00:00.0,T,0.08816172056159416,-0.266294759996118,0.0850082794384058,0.11379475999611802,0.5696340472746726,0.11168,1,0.3192262567977118,stable
2020-01-20T11:00:00.0,T,0.24854049418780194,-0.28804585443085745,0.09262950581219807,0.12354585443085747,0.8989161025968123,0.11594,1,0.32157902773925484,stable
2020-01-20T11:30:00.0,T,0.3555548208786231,-0.2662416047327899,0.09311517912137686,0.11924160473278989,0.5902796847803826,0.13893,1,0.3497394001017638,stable
2020-01-20T14:00:00.0,T,0.7647074585597825,-0.21022622158061585,0.09095754144021737,0.1058912215806159,0.6018375933404315,0.13412,1,0.43266506317023684,stable
2020-01-20T15:30:00.0,T,0.9428034937349035,-0.23128949757914946,0.09703150626509666,0.11445449757914945,0.8201266204186568,0.11341,1,0.4195240479170117,stable
2020-01-20T19:00:00.0,T,0.9817240564613526,-0.26396543790976545,0.1082759435386474,0.12896543790976542,0.5988094106804167,0.13113,1,0.4101898505957462,stable
2020-01-21T18:30:00.0,T,1.0483491092995167,-0.15626862814872333,0.0721508907004832,0.08176862814872334,0.950802973780988,0.13245,1,0.4617106552686701,stable
2020-01-22T06:00:00.0,T,-0.6119453273701692,-0.26992645400383886,0.0949453273701691,0.12125645400383886,0.8626341396087092,0.06773,1,0.3517451734049705,stable
2020-01-22T06:30:00.0,T,-1.009147854393116,-0.22520017574081275,0.02381285439311598,0.06386517574081267,0.11797376468645139,0.12893,1,0.10574083397040798,stable
2020-01-22T07:30:00.0,T,-1.4968508140851449,-0.10451914685235505,-0.003484185914855069,0.019854146852355068,0.8276772389838859,0.06499,1,0.033335384183501515,stable
2020-01-22T11:00:00.0,T,-0.7194923004981884,-0.24447217680835925,0.032492300498188395,0.07380217680835921,0.6465139825514309,0.11153,1,0.13290796900646482,stable
2020-01-22T12:00:00.0,T,-0.7778744196105072,-0.3205809617138975,0.05320941961050722,0.10391596171389748,0.6707778544149577,0.09485,1,0.16597810214941577,stable
2020-01-22T14:00:00.0,T,-1.0248492099184783,-0.2591132435785456,0.035019209918478254,0.07861324357854554,0.20230415638287205,0.1716,1,0.13515021245088463,stable
2020-01-22T15:00:00.0,T,-1.2714480771437198,-0.17414788391778807,0.012118077143719739,0.04514788391778807,0.10612537190021631,0.1252,1,0.06958498071352079,stable
2020-01-22T17:00:00.0,T,-1.4937700550271737,-0.14704316483889748,0.002935055027173851,0.033208164838897464,0.22672875748697788,0.10278,1,0.019960499560721084,stable
2020-01-22T20:00:00.0,T,-1.8664227413949277,-0.10599485161102484,-0.01141225860507253,0.014829851611024797,0.3907469093193648,0.1003,1,0.1076680464344884,stable
2020-01-22T20:30:00.0,T,-1.9624236871225846,-0.1273051565034076,-0.002576312877415493,0.025305156503407512,0.12303143025107506,0.09908,1,0.02023730183581788,stable
2020-01-22T21:00:00.0,T,-2.010612591183575,-0.10504120841959978,-0.01055240881642521,0.015206208419599673,0.8330659071037341,0.12074,1,0.10045970505472804,stable
2020-01-22T22:00:00.0,T,-2.655369067783816,-0.05559470329753271,-0.01863093221618364,-0.0007352967024672817,0.3996662960196191,0.06721,1,0.33512063400130565,stable
2020-01-23T00:30:00.0,T,-3.470219415383454,0.05692171759079515,-0.055945584616545835,-0.04975671759079529,0.12095026945616552,0.4864,1,0.9828513085064184,stable
2020-01-23T01:30:00.0,T,-3.633014726751208,0.031119947485334636,-0.05348527324879228,-0.0426199474853347,0.10933248288506936,0.49849,1,1.7186813465542436,stable
2020-01-23T04:30:00.0,T,-4.357170764568236,0.07399159728153076,-0.05066423543176376,-0.049826597281530764,0.9175120742594381,0.04304,1,0.6847295813738324,stable
2020-01-23T05:30:00.0,T,-4.2940453790760875,0.04523549440346768,-0.040789620923912806,-0.0370704944034677,0.6724060911806048,0.04765,1,0.9017171462767508,stable
2020-01-23T08:00:00.0,T,-3.909103476751208,-0.05844270132418925,-0.014066523248792236,0.0029427013241891497,0.13115524390028324,0.26487,1,0.2406891353423827,stable
2020-01-23T09:00:00.0,T,-3.9221155187952896,0.006450885238742307,-0.023884481204710078,-0.017450885238742206,0.15169013477932286,0.31423,1,3.702512185655732,stable
2020-01-23T10:00:00.0,T,-3.322129907155797,-0.10513421114777421,0.00812990715579712,0.027804211147774312,0.39993594069541205,0.07525,1,0.07732884535909924,stable
2020-01-23T12:30:00.0,T,-1.3612680424214976,-0.26154549056461357,0.030438042421497637,0.07604549056461356,0.4225617087072698,0.09283,1,0.11637762270643341,stable
2020-01-23T15:00:00.0,T,-1.2798458251811593,-0.15941921202122156,0.0080108251811595,0.039254212021221584,0.14999240255873994,0.10416,1,0.05025006132945328,stable
2020-01-23T17:30:00.0,T,-1.38769472290157,-0.1425726140279936,0.007359722901570109,0.03523761402799351,0.4404658673424051,0.08629,1,0.05162087369826197,stable
2020-01-23T18:00:00.0,T,-1.329703756567029,-0.12171083606689961,0.0005337565670289789,0.02621083606689958,0.546620034432309,0.09612,1,0.004385448200648249,stable
2020-01-23T18:30:00.0,T,-1.227880457201087,-0.12584983111736542,0.004380457201086984,0.029679831117365437,0.23330469095598425,0.13382,1,0.034807016920045314,stable
2020-01-23T19:00:00.0,T,-1.1852035532910628,-0.10770643802838169,-0.003966446708937175,0.020206438028381662,0.3695180985948191,0.12994,1,0.03682645885933,stable
2020-01-23T19:30:00.0,T,-1.2448479471618359,-0.11201266047705319,-0.002152052838164223,0.022342660477053168,0.4816369625795303,0.13872,1,0.01921258569342785,stable
2020-01-23T20:30:00.0,T,-1.1836071099788648,-0.10331285591895263,-0.00539289002113532,0.018312855918952663,0.8434250979839939,0.10269,1,0.05219960258736783,stable
2020-01-23T21:00:00.0,T,-0.9139172316576087,-0.11268431410131988,0.004582231657608708,0.02701931410131988,0.6713413429220335,0.12009,1,0.040664325768434845,stable
2020-01-23T21:30:00.0,T,-0.7433385503472223,-0.14480829179067453,0.015173550347222203,0.04097329179067457,0.8471610895228273,0.11587,1,0.10478371203464028,stable
2020-01-24T01:30:00.0,T,0.9980076145833333,-0.024427075148809464,0.053327385416666664,0.041092075148809505,0.15884833575289276,0.06861,1,2.1831261046112496,stable
2020-01-24T03:00:00.0,T,0.6715866845561594,0.09487481655991196,0.02591331544384058,-0.0027048165599119923,0.10165480318282073,0.55422,1,0.27313165267072453,stable
2020-01-24T08:30:00.0,T,0.11116524818840579,-0.03396283747412008,0.0379997518115942,0.03279783747412008,0.10393033341890265,0.52521,1,1.1188626933939274,stable
2020-01-24T09:00:00.0,T,-0.24921776003925125,-0.010813721235550383,0.03988276003925122,0.029148721235550387,0.13366809247902528,0.39813,1,3.6881623976153213,stable
2020-01-24T09:30:00.0,T,-0.389985854468599,0.03930294276224981,0.033485854468599044,0.014197057237750183,0.19680508338973654,0.37652,1,0.8519935688063023,stable
2020-01-24T10:00:00.0,T,-0.5185923158212561,0.06189650728951004,0.02859231582125605,0.006103492710489997,0.11099528993900085,0.44328,1,0.46193746744901965,stable
2020-01-24T16:00:00.0,T,-0.2251454184782609,-0.038436977355072476,0.026145418478260886,0.025766977355072475,0.4385608644301588,0.11326,1,0.6802152582586078,stable
2020-01-24T16:30:00.0,T,-0.48894142678140096,-0.012937421184868826,0.025776426781400914,0.02010242118486883,0.29950981962476886,0.0886,1,1.992392951660889,stable
2020-01-24T18:30:00.0,T,-1.2069134438405795,-0.012090826992753625,0.036913443840579645,0.02742082699275358,0.7632017308087947,0.08948,1,3.0530123260140036,stable
2020-01-24T22:30:00.0,T,-1.0312716491545895,-0.062077090924775584,-0.027393350845410655,-0.005257909075224339,0.9242968712952774,0.1081,1,0.44127955155961884,stable
2020-01-25T07:30:00.0,T,-2.0061646656099033,-0.04559359951906487,-0.030835334390096617,-0.011076400480935129,0.4093127549862747,0.13583,1,0.6763084010772802,stable
2020-01-25T11:30:00.0,T,-1.3789335656702897,-0.2697931791213769,0.03909856567028991,0.08362817912137685,0.8761998223219143,0.12175,1,0.14492051206639256,stable
2020-01-25T18:30:00.0,T,-2.7054879461805554,-0.008166343874007786,-0.042677053819444456,-0.026998656125992105,0.34587121500347223,0.09063,1,5.22596825187327,stable
2020-01-25T19:00:00.0,T,-2.8177818016304346,0.03335413049948267,-0.05288319836956535,-0.042689130499482544,0.41946522925051416,0.07433,1,1.5855067296803187,stable
2020-01-25T19:30:00.0,T,-2.973720259888285,0.029060729258324945,-0.05527974011171519,-0.0433907292583249,0.5167223715849425,0.08009,1,1.9022144840318953,stable
2020-01-25T20:00:00.0,T,-3.1774769387832125,0.032681072587775764,-0.0503580612167874,-0.040846072587775964,0.5174008659940755,0.08124,1,1.5408937721225113,stable
2020-01-25T22:00:00.0,T,-3.598792662439613,0.2588482477570737,-0.07654233756038646,-0.10651324775707381,0.25714600358774575,0.24212,1,0.2957035182722991,stable
2020-01-25T22:30:00.0,T,-3.845996346316425,0.3092609718124573,-0.0860036536835751,-0.12359097181245711,0.33643954803003673,0.23925,1,0.278094106668363,stable
2020-01-25T23:00:00.0,T,-3.8380180726147346,0.24897363685084536,-0.08331192738526581,-0.10897363685084546,0.33505434727188554,0.24965,1,0.3346214821739386,stable
2020-01-25T23:30:00.0,T,-3.8407299069293477,0.2159261625097053,-0.08327009307065246,-0.10192616250970522,0.1912685093862942,0.35095,1,0.3856415179281931,stable
2020-01-26T02:00:00.0,T,-2.380510122584541,-0.03492073555037942,-0.0009898774154591572,0.0067507355503793895,0.11160107758118737,0.29971,1,0.028346407939520108,stable
2020-01-26T03:00:00.0,T,-2.5560521884057974,-0.17172047528467924,0.015717188405797236,0.0470554752846792,0.5304337518225012,0.09129,1,0.09152774810191497,stable
2020-01-26T07:30:00.0,T,0.062406824199879196,-0.15639536648658559,0.09309317580012079,0.09589536648658559,0.6033601916062105,0.10335,1,0.5952425438902349,stable
2020-01-26T11:30:00.0,T,0.8857307051630436,-0.20826903477613873,0.09560429483695652,0.10860403477613871,0.9557539922467574,0.03983,1,0.4590422908509578,stable
2020-01-27T13:00:00.0,T,-6.5228827868357495,-0.24993837883885447,0.03171278683574892,0.07443837883885449,0.3234503318811351,0.14732,1,0.1268824219116643,stable
2020-01-28T11:30:00.0,T,-1.295716952370169,-0.15951027543241036,0.031881952370169095,0.05534527543241031,0.9581269368223595,0.06418,1,0.19987397228010245,stable
2020-01-28T15:00:00.0,T,-0.09768266123188407,-0.1511144072204969,0.08568266123188406,0.0897844072204969,0.2601552448145687,0.06549,1,0.5670052432979548,stable
2020-01-28T15:30:00.0,T,0.004208861111111101,-0.14772215972222222,0.06462613888888889,0.07488715972222222,0.19505691845687928,0.26936,1,0.4374843896840686,stable
2020-01-28T16:30:00.0,T,0.16805836352657008,-0.0998215083678399,0.07444163647342997,0.07132150836783989,0.2325233433217274,0.29938,1,0.7457474615502132,stable
2020-01-28T17:00:00.0,T,0.2763527562650966,-0.04732285361132679,0.06031224373490341,0.0506578536113268,0.4919586155856767,0.22601,1,1.2744845065824093,stable
2020-01-28T19:00:00.0,T,0.2626702957427536,-0.10825047059394412,0.07266470425724639,0.07191547059394411,0.26724776400767536,0.22397,1,0.67126455763705,stable
2020-01-28T20:00:00.0,T,0.0540181889341787,-0.14312641376056767,0.09465181106582128,0.09412641376056766,0.10262116771288203,0.03608,1,0.6613161650522575,stable
2020-01-28T22:00:00.0,T,-0.021020885567632847,-0.17343512385697032,0.09718588556763287,0.10227012385697033,0.5060862370948009,0.04396,1,0.5603587289952916,stable
2020-01-29T02:30:00.0,T,-0.0560933504679952,-0.1707642754000604,0.0905933504679952,0.0972642754000604,0.5273166050164775,0.05599,1,0.5305169963433883,stable
2020-01-29T04:30:00.0,T,-0.09514424735809185,-0.19722037379766222,0.09430924735809182,0.1053853737976622,0.9110415462672449,0.07143,1,0.47819221484109026,stable
2020-01-29T05:00:00.0,T,-0.15803494897342996,-0.209756090213078,0.10253494897342995,0.11358609021307799,0.3802948409367224,0.07782,1,0.48882942502060917,stable
2020-01-29T05:30:00.0,T,-0.2222671618357488,-0.20176791752933057,0.10309716183574881,0.11226791752933057,0.46519821792675714,0.09411,1,0.5109690534460801,stable
2020-01-29T06:00:00.0,T,-0.315833137303744,-0.20099318400081956,0.08833313730374398,0.10216318400081954,0.2890590762601939,0.10143,1,0.4394832478666729,stable
2020-01-29T18:30:00.0,T,-1.6462849642964976,-0.20209157278187542,0.021784964296497653,0.05759157278187547,0.1928795576181555,0.08944,1,0.10779749000227207,stable
2020-01-29T23:30:00.0,T,-1.7535692179951692,-0.17386096553657682,0.00806921799516903,0.04236096553657688,0.13258746160728285,0.09402,1,0.04641190143092488,stable
2020-01-30T00:00:00.0,T,-1.789698023097826,-0.18840686901526915,0.014198023097826086,0.04957686901526914,0.12107334149262373,0.10837,1,0.07535830923805346,stable
2020-01-30T06:00:00.0,T,-2.023685803291063,-0.1770545898140959,0.015020803291062815,0.04771958981409592,0.3188298114190976,0.06117,1,0.08483713021410169,stable
2020-01-30T09:30:00.0,T,-1.6997020531400966,-0.19019130003450646,0.024202053140096585,0.0566913000345065,0.18474889813347384,0.07457,1,0.12725110525931313,stable
2020-01-30T10:00:00.0,T,-1.6751008408816426,-0.19429172112232576,0.026770840881642527,0.059291721122325745,0.247642337278527,0.08863,1,0.13778683274305675,stable
2020-01-30T12:00:00.0,T,-1.5680439228562801,-0.2112091339393546,0.022543922856280187,0.06003913393935468,0.14295694634017786,0.08362,1,0.1067374428170011,stable
2020-01-30T14:30:00.0,T,-1.4633192884208936,-0.19735720277454283,0.016989288420893766,0.053357202774542825,0.27273976701146113,0.06903,1,0.08608395428213488,stable
2020-01-30T15:00:00.0,T,-1.464296309405193,-0.1884993124946085,0.01479630940519332,0.04999931249460843,0.20782093425449208,0.07398,1,0.0784952963985825,stable
2020-01-30T15:30:00.0,T,-1.4645528990791064,-0.18449476895164768,0.016052899079106345,0.04999476895164772,0.6893903720939573,0.06848,1,0.08701005004273851,stable
2020-01-30T16:00:00.0,T,-1.483928298384662,-0.17146729251315562,0.013928298384661902,0.04579729251315566,0.40439645762769083,0.06552,1,0.08123005956715197,stable
2020-01-30T16:30:00.0,T,-1.5237386924064011,-0.17107263509855944,0.011238692406401074,0.043902635098559434,0.7165901524935001,0.07705,1,0.0656954421724209,stable
2020-01-30T17:00:00.0,T,-1.5512019676177535,-0.16815328721855585,0.012531967617753584,0.04415328721855586,0.6255512670540915,0.06524,1,0.07452704508515057,stable
2020-01-30T17:30:00.0,T,-1.5886216865187197,-0.1739602771469549,0.015121686518719918,0.047130277146954884,0.5213269175367349,0.07564,1,0.086926088913653,stable
2020-01-30T18:00:00.0,T,-1.618561814990942,-0.17166660576798648,0.016396814990942008,0.04750160576798651,0.7718934142725106,0.05998,1,0.09551546101577196,stable
2020-01-30T18:30:00.0,T,-1.610722373188406,-0.16707152562111807,0.015722373188405872,0.04607152562111807,0.33648743980166557,0.07725,1,0.09410564205932254,stable
2020-01-30T19:00:00.0,T,-1.6125847389794685,-0.17020494728045193,0.015919738979468544,0.046869947280451976,0.5572870491093463,0.07346,1,0.0935327629063396,stable
2020-01-30T19:30:00.0,T,-1.6557672327898552,-0.1772924770315735,0.01876723278985508,0.050292477031573496,0.5449370491090161,0.08115,1,0.10585464822916811,stable
2020-01-30T20:00:00.0,T,-1.6668334759208938,-0.1776703441435904,0.014998475920893671,0.04783534414359037,0.3161738455771197,0.06808,1,0.08441744171313215,stable
2020-01-30T21:00:00.0,T,-1.7568716714221015,-0.17541850156896993,0.012371671422101414,0.04558850156896994,0.41880469498271977,0.07503,1,0.07052660529788643,stable
2020-01-30T22:00:00.0,T,-1.895312861790459,-0.18895345827402513,0.016812861790458936,0.05145345827402517,0.5062680385503301,0.07605,1,0.0889788519566363,stable
2020-01-30T23:00:00.0,T,-2.034606587786836,-0.17703639522407688,0.012771587786835627,0.04620139522407685,0.7593982132350562,0.05664,1,0.07214102936670445,stable
2020-01-30T23:30:00.0,T,-2.050519235054348,-0.17418355884446168,0.009189235054347827,0.04318355884446169,0.19353362099721985,0.07812,1,0.052756041473199046,stable
2020-01-31T00:00:00.0,T,-2.0695201844806763,-0.1738400511344031,0.010020184480676396,0.04367005113440309,0.2903929306744957,0.0593,1,0.057640252722483194,stable
2020-01-31T00:30:00.0,T,-2.1061111108091786,-0.188992567266218,0.017111110809178705,0.051662567266218026,0.2519611340091442,0.0709,1,0.09053853840228393,stable
2020-01-31T01:00:00.0,T,-2.089508098505435,-0.17757446659873194,0.011173098505434902,0.04523946659873197,0.32538033070242117,0.06268,1,0.06292063673029605,stable
2020-01-31T01:30:00.0,T,-2.0937818029891306,-0.18311351323110778,0.012951802989130488,0.04761351323110772,0.37761039604106694,0.06249,1,0.07073100592409039,stable
2020-01-31T02:00:00.0,T,-2.0819577825332125,-0.1788611602991288,0.010457782533212667,0.04503116029912879,0.3317075815950174,0.05927,1,0.058468716828868776,stable
2020-01-31T02:30:00.0,T,-2.1066556216032613,-0.19169222251876294,0.014320621603260923,0.05035722251876297,0.48671974592382794,0.06151,1,0.07470632566670363,stable
2020-01-31T17:00:00.0,T,-2.29405689892814,-0.18919564881491543,0.02055689892814007,0.05402564881491543,0.30089494004602907,0.05801,1,0.10865418447466665,stable
2020-01-31T18:00:00.0,T,-2.3516156180555554,-0.1924633427579367,0.017450618055555575,0.052628342757936555,0.11104405552202776,0.05851,1,0.09066982733176059,stable
