datetime,corr_H_tau
2024-12-01T00:00:00.0,0.4418072958484964
2024-12-01T00:30:00.0,0.5110073994709831
2024-12-01T01:00:00.0,NaN
2024-12-01T01:30:00.0,NaN
2024-12-01T02:00:00.0,NaN
2024-12-01T02:30:00.0,NaN
2024-12-01T03:00:00.0,-0.38784520744057316
2024-12-01T03:30:00.0,-0.3601725061573572
2024-12-01T04:00:00.0,-0.3601725061573572
2024-12-01T04:30:00.0,-0.3594640332445632
2024-12-01T05:00:00.0,-0.46390626087058845
2024-12-01T05:30:00.0,-0.4024978068825982
2024-12-01T06:00:00.0,-0.5188263671084374
2024-12-01T06:30:00.0,-0.6910768291641394
2024-12-01T07:00:00.0,0.25323075353999214
2024-12-01T07:30:00.0,0.25323075353999214
2024-12-01T08:00:00.0,NaN
2024-12-01T08:30:00.0,0.8012052095268618
2024-12-01T09:00:00.0,0.6930741053199516
2024-12-01T09:30:00.0,0.7149890684350559
2024-12-01T10:00:00.0,0.16578281771444395
2024-12-01T10:30:00.0,0.21463338882130253
2024-12-01T11:00:00.0,0.21463338882130253
2024-12-01T11:30:00.0,-0.028488616073330194
2024-12-01T12:00:00.0,0.4774560886896732
2024-12-01T12:30:00.0,-0.020048767734623205
2024-12-01T13:00:00.0,-0.5521561304823146
2024-12-01T13:30:00.0,-0.6065010139569756
2024-12-01T14:00:00.0,0.589097437339201
2024-12-01T14:30:00.0,0.5446614375026178
2024-12-01T15:00:00.0,0.17247150363919572
2024-12-01T15:30:00.0,0.15215180886953808
2024-12-01T16:00:00.0,0.25226406831981046
2024-12-01T16:30:00.0,0.7240307496265372
2024-12-01T17:00:00.0,0.49412990984627203
2024-12-01T17:30:00.0,0.6331422722589092
2024-12-01T18:00:00.0,0.5618431613684386
2024-12-01T18:30:00.0,0.6764662071385266
2024-12-01T19:00:00.0,0.8139452606685537
2024-12-01T19:30:00.0,0.847766661733044
2024-12-01T20:00:00.0,0.7773455661022359
2024-12-01T20:30:00.0,0.786177530893302
2024-12-01T21:00:00.0,0.895641870924774
2024-12-01T21:30:00.0,0.16802589855113312
2024-12-01T22:00:00.0,-0.23382909093448762
2024-12-01T22:30:00.0,-0.2548397835648776
2024-12-01T23:00:00.0,-0.27685666463569614
2024-12-01T23:30:00.0,-0.24297650230086146
2024-12-02T00:00:00.0,-0.3447466631854487
2024-12-02T00:30:00.0,0.6269104975701758
2024-12-02T01:00:00.0,0.2653390807154691
2024-12-02T01:30:00.0,-0.0022152070615632097
2024-12-02T02:00:00.0,-0.05055768173567353
2024-12-02T02:30:00.0,0.18849900421743015
2024-12-02T03:00:00.0,0.1484238830321773
2024-12-02T03:30:00.0,0.4382656331957205
2024-12-02T04:00:00.0,0.34571676002088186
2024-12-02T04:30:00.0,NaN
2024-12-02T05:00:00.0,NaN
2024-12-02T05:30:00.0,NaN
2024-12-02T06:00:00.0,NaN
2024-12-02T06:30:00.0,NaN
2024-12-02T07:00:00.0,NaN
2024-12-02T07:30:00.0,NaN
2024-12-02T08:00:00.0,0.6678212286008282
2024-12-02T08:30:00.0,0.9146277757938943
2024-12-02T09:00:00.0,0.9281254745746286
2024-12-02T09:30:00.0,0.901195222562833
2024-12-02T10:00:00.0,0.8065832236423839
2024-12-02T10:30:00.0,-0.0022933469825622845
2024-12-02T11:00:00.0,-0.04864435578005046
2024-12-02T11:30:00.0,-0.05226363126880516
2024-12-02T12:00:00.0,-0.5998097453290894
2024-12-02T12:30:00.0,-0.6457891797435237
2024-12-02T13:00:00.0,-0.6322214162442491
2024-12-02T13:30:00.0,-0.49247743062960075
2024-12-02T14:00:00.0,-0.6029211429772319
2024-12-02T14:30:00.0,-0.7128702629267134
2024-12-02T15:00:00.0,-0.991149698224845
2024-12-02T15:30:00.0,-0.9191320015645872
2024-12-02T16:00:00.0,-0.7828757716238094
2024-12-02T16:30:00.0,-0.4124285632991503
2024-12-02T17:00:00.0,0.4979313405806161
2024-12-02T17:30:00.0,0.826360644355254
2024-12-02T18:00:00.0,0.693905638905132
2024-12-02T18:30:00.0,0.12180509711138111
2024-12-02T19:00:00.0,-0.1488293248578768
2024-12-02T19:30:00.0,-0.21292220538798243
2024-12-02T20:00:00.0,-0.3480075930211021
2024-12-02T20:30:00.0,-0.4327968241823015
2024-12-02T21:00:00.0,-0.3598167204526086
2024-12-02T21:30:00.0,-0.5729392236025374
2024-12-02T22:00:00.0,-0.5772113414933918
2024-12-02T22:30:00.0,-0.49558481069630306
2024-12-02T23:00:00.0,-0.4526198937068633
2024-12-02T23:30:00.0,-0.723613099195513
2024-12-03T00:00:00.0,-0.6934197983930479
2024-12-03T00:30:00.0,-0.31296988281870397
2024-12-03T01:00:00.0,-0.3793324631836525
2024-12-03T01:30:00.0,-0.38717460014498933
2024-12-03T02:00:00.0,-0.1145159553817488
2024-12-03T02:30:00.0,-0.11052192214661716
2024-12-03T03:00:00.0,-0.05286294579391982
2024-12-03T03:30:00.0,0.06477762369936871
2024-12-03T04:00:00.0,-0.47002399937260936
2024-12-03T04:30:00.0,-0.3440966262009473
2024-12-03T05:00:00.0,-0.43756652639658017
2024-12-03T05:30:00.0,-0.38356359678872254
2024-12-03T06:00:00.0,-0.2610976786799019
2024-12-03T06:30:00.0,-0.6232758504002518
2024-12-03T07:00:00.0,-0.8647035378925976
2024-12-03T07:30:00.0,-0.4257401093226104
2024-12-03T08:00:00.0,-0.34230863817115464
2024-12-03T08:30:00.0,-0.14434630911478027
2024-12-03T09:00:00.0,-0.061949540979068164
2024-12-03T09:30:00.0,0.021480792034648012
2024-12-03T10:00:00.0,0.5554081567981969
2024-12-03T10:30:00.0,0.43143172560873083
2024-12-03T11:00:00.0,NaN
2024-12-03T11:30:00.0,NaN
2024-12-03T12:00:00.0,NaN
2024-12-03T12:30:00.0,NaN
2024-12-03T13:00:00.0,-0.7514212774101401
2024-12-03T13:30:00.0,0.16571920091634104
2024-12-03T14:00:00.0,0.4404468909351723
2024-12-03T14:30:00.0,0.40280912574704775
2024-12-03T15:00:00.0,0.45064974024714916
2024-12-03T15:30:00.0,0.13218876134069898
2024-12-03T16:00:00.0,-0.19915173125706764
2024-12-03T16:30:00.0,-0.1565124164027012
2024-12-03T17:00:00.0,-0.4039999722312069
2024-12-03T17:30:00.0,0.05700853744142136
2024-12-03T18:00:00.0,0.06657945811447222
2024-12-03T18:30:00.0,0.019993786725454994
2024-12-03T19:00:00.0,0.09413703469775771
2024-12-03T19:30:00.0,0.45719211321324726
2024-12-03T20:00:00.0,0.2777810471647942
2024-12-03T20:30:00.0,0.46725922149924165
2024-12-03T21:00:00.0,0.5001942574051539
2024-12-03T21:30:00.0,0.5317875751696255
2024-12-03T22:00:00.0,0.5526832231661825
2024-12-03T22:30:00.0,0.6289047547662601
2024-12-03T23:00:00.0,0.5714335805626009
2024-12-03T23:30:00.0,0.4144372825519847
2024-12-04T00:00:00.0,0.5913244733154005
2024-12-04T00:30:00.0,0.47130562533914905
2024-12-04T01:00:00.0,0.4691073008511732
2024-12-04T01:30:00.0,0.48084340481619436
2024-12-04T02:00:00.0,0.298347077806214
2024-12-04T02:30:00.0,0.3009416625649148
2024-12-04T03:00:00.0,0.6554071754661612
2024-12-04T03:30:00.0,0.6311416175115685
2024-12-04T04:00:00.0,0.6515089011361177
2024-12-04T04:30:00.0,0.5957260278604795
2024-12-04T05:00:00.0,0.5781770372364133
2024-12-04T05:30:00.0,0.029859541032775036
2024-12-04T06:00:00.0,-0.11192405749865059
2024-12-04T06:30:00.0,-0.35504882036302954
2024-12-04T07:00:00.0,0.7158974354429145
2024-12-04T07:30:00.0,-0.15246733719208277
2024-12-04T08:00:00.0,0.2870122284037967
2024-12-04T08:30:00.0,0.46162660292857505
2024-12-04T09:00:00.0,-0.16609613331866638
2024-12-04T09:30:00.0,-0.2806706205505004
2024-12-04T10:00:00.0,-0.6023547805938291
2024-12-04T10:30:00.0,-0.44938079199423453
2024-12-04T11:00:00.0,-0.6602035067759935
2024-12-04T11:30:00.0,-0.4875682737142347
2024-12-04T12:00:00.0,-0.3275724860045267
2024-12-04T12:30:00.0,-0.5193486106338785
2024-12-04T13:00:00.0,-0.7168248953754311
2024-12-04T13:30:00.0,-0.6055266625714564
2024-12-04T14:00:00.0,-0.7690957931283442
2024-12-04T14:30:00.0,-0.20331018745997761
2024-12-04T15:00:00.0,0.2639755802024043
2024-12-04T15:30:00.0,0.4141329594828534
2024-12-04T16:00:00.0,0.5568867241035199
2024-12-04T16:30:00.0,0.5718246006757642
2024-12-04T17:00:00.0,0.5783489346428516
2024-12-04T17:30:00.0,0.42102006678503223
2024-12-04T18:00:00.0,0.38536848478171104
2024-12-04T18:30:00.0,0.7390854284654138
2024-12-04T19:00:00.0,0.7985180032430315
2024-12-04T19:30:00.0,0.8341203971678687
2024-12-04T20:00:00.0,0.8484013981777464
2024-12-04T20:30:00.0,0.48356700528091806
2024-12-04T21:00:00.0,0.22397940189561513
2024-12-04T21:30:00.0,0.12853304876774047
2024-12-04T22:00:00.0,-0.2902630186971785
2024-12-04T22:30:00.0,0.25889112765933486
2024-12-04T23:00:00.0,0.11182160216229173
2024-12-04T23:30:00.0,-0.3435376495710781
2024-12-05T00:00:00.0,-0.44964239032161474
2024-12-05T00:30:00.0,-0.7029533363668446
2024-12-05T01:00:00.0,-0.7006249019952883
2024-12-05T01:30:00.0,-0.2484540055629709
2024-12-05T02:00:00.0,0.09567117892367215
2024-12-05T02:30:00.0,0.48766997019778296
2024-12-05T03:00:00.0,0.6454984880999244
2024-12-05T03:30:00.0,0.8495750310507508
2024-12-05T04:00:00.0,0.09944688671459681
2024-12-05T04:30:00.0,0.08627819915132563
2024-12-05T05:00:00.0,0.40793538921101913
2024-12-05T05:30:00.0,0.794756740271696
2024-12-05T06:00:00.0,0.8492898239127825
2024-12-05T06:30:00.0,0.6751346868087305
2024-12-05T07:00:00.0,0.8543322404624332
2024-12-05T07:30:00.0,0.8817635107602999
2024-12-05T08:00:00.0,0.940847888339082
2024-12-05T08:30:00.0,NaN
2024-12-05T09:00:00.0,NaN
2024-12-05T09:30:00.0,NaN
2024-12-05T10:00:00.0,NaN
2024-12-05T10:30:00.0,NaN
2024-12-05T11:00:00.0,NaN
2024-12-05T11:30:00.0,NaN
2024-12-05T12:00:00.0,NaN
2024-12-05T12:30:00.0,NaN
2024-12-05T13:00:00.0,NaN
2024-12-05T13:30:00.0,NaN
2024-12-05T14:00:00.0,NaN
2024-12-05T14:30:00.0,NaN
2024-12-05T15:00:00.0,NaN
2024-12-05T15:30:00.0,NaN
2024-12-05T16:00:00.0,0.9954858350379775
2024-12-05T16:30:00.0,0.9544909642773537
2024-12-05T17:00:00.0,0.9582123432717901
2024-12-05T17:30:00.0,0.929585727361071
2024-12-05T18:00:00.0,0.8417215542946058
2024-12-05T18:30:00.0,-0.2532855762757935
2024-12-05T19:00:00.0,-0.8023969209340901
2024-12-05T19:30:00.0,-0.7192517427485983
2024-12-05T20:00:00.0,-0.46204874753412495
2024-12-05T20:30:00.0,-0.501992990500838
2024-12-05T21:00:00.0,-0.2644392828770085
2024-12-05T21:30:00.0,0.5498905687139566
2024-12-05T22:00:00.0,0.5423635070705664
2024-12-05T22:30:00.0,0.44439085950088353
2024-12-05T23:00:00.0,0.6801100989528277
2024-12-05T23:30:00.0,0.8088647240065978
2024-12-06T00:00:00.0,-0.5347614816782857
2024-12-06T00:30:00.0,-0.4861934990474137
2024-12-06T01:00:00.0,NaN
2024-12-06T01:30:00.0,NaN
2024-12-06T02:00:00.0,NaN
2024-12-06T02:30:00.0,0.6848163709259582
2024-12-06T03:00:00.0,0.5919981463240624
2024-12-06T03:30:00.0,-0.24011237446733863
2024-12-06T04:00:00.0,-0.33416289501779245
2024-12-06T04:30:00.0,-0.32033696976587384
2024-12-06T05:00:00.0,-0.29389872112537485
2024-12-06T05:30:00.0,-0.2818332983961634
2024-12-06T06:00:00.0,-0.6684786987821373
2024-12-06T06:30:00.0,-0.8506668620339954
2024-12-06T07:00:00.0,-0.7161144114407466
2024-12-06T07:30:00.0,-0.5613468732802577
2024-12-06T08:00:00.0,0.10895415696920537
2024-12-06T08:30:00.0,0.11011766024949202
2024-12-06T09:00:00.0,0.15167137007665837
2024-12-06T09:30:00.0,NaN
2024-12-06T10:00:00.0,-0.6349303865979228
2024-12-06T10:30:00.0,NaN
2024-12-06T11:00:00.0,NaN
2024-12-06T11:30:00.0,NaN
2024-12-06T12:00:00.0,NaN
2024-12-06T12:30:00.0,NaN
2024-12-06T13:00:00.0,NaN
2024-12-06T13:30:00.0,NaN
2024-12-06T14:00:00.0,NaN
2024-12-06T14:30:00.0,NaN
2024-12-06T15:00:00.0,NaN
2024-12-06T15:30:00.0,NaN
2024-12-06T16:00:00.0,NaN
2024-12-06T16:30:00.0,NaN
2024-12-06T17:00:00.0,NaN
2024-12-06T17:30:00.0,NaN
2024-12-06T18:00:00.0,NaN
2024-12-06T18:30:00.0,-0.8918421138521494
2024-12-06T19:00:00.0,-0.906990779227749
2024-12-06T19:30:00.0,-0.8905038527726029
2024-12-06T20:00:00.0,-0.9468864018102854
2024-12-06T20:30:00.0,-0.9468864018102854
2024-12-06T21:00:00.0,NaN
2024-12-06T21:30:00.0,0.06449688920248495
2024-12-06T22:00:00.0,NaN
2024-12-06T22:30:00.0,NaN
2024-12-06T23:00:00.0,NaN
2024-12-06T23:30:00.0,NaN
2024-12-07T00:00:00.0,NaN
2024-12-07T00:30:00.0,NaN
2024-12-07T01:00:00.0,NaN
2024-12-07T01:30:00.0,NaN
2024-12-07T02:00:00.0,NaN
2024-12-07T02:30:00.0,NaN
2024-12-07T03:00:00.0,NaN
2024-12-07T03:30:00.0,NaN
2024-12-07T04:00:00.0,NaN
2024-12-07T04:30:00.0,NaN
2024-12-07T05:00:00.0,NaN
2024-12-07T05:30:00.0,NaN
2024-12-07T06:00:00.0,NaN
2024-12-07T06:30:00.0,NaN
2024-12-07T07:00:00.0,NaN
2024-12-07T07:30:00.0,NaN
2024-12-07T08:00:00.0,NaN
2024-12-07T08:30:00.0,-0.7294421278264738
2024-12-07T09:00:00.0,-0.13224267772142645
2024-12-07T09:30:00.0,-0.20059382764414008
2024-12-07T10:00:00.0,-0.40657308393619157
2024-12-07T10:30:00.0,NaN
2024-12-07T11:00:00.0,0.5651566226810237
2024-12-07T11:30:00.0,0.6250480881412191
2024-12-07T12:00:00.0,0.3901822132873888
2024-12-07T12:30:00.0,0.23088135868311982
2024-12-07T13:00:00.0,-0.24431231390439045
2024-12-07T13:30:00.0,-0.453289140029308
2024-12-07T14:00:00.0,-0.453289140029308
2024-12-07T14:30:00.0,-0.8712549973496324
2024-12-07T15:00:00.0,-0.7799651552178894
2024-12-07T15:30:00.0,-0.947084761867181
2024-12-07T16:00:00.0,-0.8388313729574872
2024-12-07T16:30:00.0,-0.9105660992918468
2024-12-07T17:00:00.0,-0.7461277274906815
2024-12-07T17:30:00.0,-0.6563231340384486
2024-12-07T18:00:00.0,-0.6411092762884318
2024-12-07T18:30:00.0,-0.3309274405441291
2024-12-07T19:00:00.0,-0.36553022511142064
2024-12-07T19:30:00.0,0.3468784382485326
2024-12-07T20:00:00.0,0.8940510125966086
2024-12-07T20:30:00.0,0.8996895287845382
2024-12-07T21:00:00.0,0.9281483462782717
2024-12-07T21:30:00.0,0.9419142400826849
2024-12-07T22:00:00.0,0.9431892658107165
2024-12-07T22:30:00.0,0.9910237470033552
2024-12-07T23:00:00.0,0.7707659399272337
2024-12-07T23:30:00.0,0.700897440436589
2024-12-08T00:00:00.0,0.618335541360015
2024-12-08T00:30:00.0,0.7588950323943028
2024-12-08T01:00:00.0,0.9121935917234314
2024-12-08T01:30:00.0,0.5963664625019406
2024-12-08T02:00:00.0,0.3211750409035605
2024-12-08T02:30:00.0,0.5463468448581056
2024-12-08T03:00:00.0,0.14691254159962283
2024-12-08T03:30:00.0,-0.15986998503920655
2024-12-08T04:00:00.0,-0.15986998503920655
2024-12-08T04:30:00.0,0.34595587474666334
2024-12-08T05:00:00.0,0.305051858391524
2024-12-08T05:30:00.0,-0.013423435239591466
2024-12-08T06:00:00.0,0.08295799793493089
2024-12-08T06:30:00.0,0.6505872487199201
2024-12-08T07:00:00.0,0.5538597252707903
2024-12-08T07:30:00.0,0.5607540414873586
2024-12-08T08:00:00.0,0.26803006820549846
2024-12-08T08:30:00.0,0.5435556240766739
2024-12-08T09:00:00.0,0.21836060393010734
2024-12-08T09:30:00.0,0.1251613360325813
2024-12-08T10:00:00.0,0.22015879171225652
2024-12-08T10:30:00.0,0.8053792141425662
2024-12-08T11:00:00.0,0.4589729896452637
2024-12-08T11:30:00.0,0.014372176263904565
2024-12-08T12:00:00.0,-0.12842899194417148
2024-12-08T12:30:00.0,-0.17979975554421632
2024-12-08T13:00:00.0,-0.19692670611109508
2024-12-08T13:30:00.0,NaN
2024-12-08T14:00:00.0,-0.8961418076687198
2024-12-08T14:30:00.0,NaN
2024-12-08T15:00:00.0,NaN
2024-12-08T15:30:00.0,NaN
2024-12-08T16:00:00.0,NaN
2024-12-08T16:30:00.0,NaN
2024-12-08T17:00:00.0,NaN
2024-12-08T17:30:00.0,NaN
2024-12-08T18:00:00.0,NaN
2024-12-08T18:30:00.0,NaN
2024-12-08T19:00:00.0,NaN
2024-12-08T19:30:00.0,NaN
2024-12-08T20:00:00.0,NaN
2024-12-08T20:30:00.0,NaN
2024-12-08T21:00:00.0,-0.1972525083262906
2024-12-08T21:30:00.0,-0.1972525083262906
2024-12-08T22:00:00.0,-0.5940925875596628
2024-12-08T22:30:00.0,-0.8056993920759935
2024-12-08T23:00:00.0,-0.620473212930898
2024-12-08T23:30:00.0,-0.26842952411981996
2024-12-09T00:00:00.0,-0.3213120073058148
2024-12-09T00:30:00.0,-0.4364858322727706
2024-12-09T01:00:00.0,-0.5073711442935378
2024-12-09T01:30:00.0,-0.3990923560919401
2024-12-09T02:00:00.0,-0.6075697403688024
2024-12-09T02:30:00.0,-0.18909024789889542
2024-12-09T03:00:00.0,0.4637666524505299
2024-12-09T03:30:00.0,0.750609309640123
2024-12-09T04:00:00.0,0.8124550341724543
2024-12-09T04:30:00.0,0.8381590562205646
2024-12-09T05:00:00.0,0.8963375317144328
2024-12-09T05:30:00.0,0.9396324225798149
2024-12-09T06:00:00.0,0.8475220185779659
2024-12-09T06:30:00.0,0.5311971982296292
2024-12-09T07:00:00.0,0.11744469963734733
2024-12-09T07:30:00.0,0.4485919867313758
2024-12-09T08:00:00.0,0.6670250897747276
2024-12-09T08:30:00.0,0.7378587752089948
2024-12-09T09:00:00.0,0.2360232689738248
2024-12-09T09:30:00.0,-0.02602182947267943
2024-12-09T10:00:00.0,0.09631277100111893
2024-12-09T10:30:00.0,-0.6625043099625166
2024-12-09T11:00:00.0,-0.6203311656527443
2024-12-09T11:30:00.0,-0.687138081676422
2024-12-09T12:00:00.0,-0.12102413734803052
2024-12-09T12:30:00.0,-0.6565208553402768
2024-12-09T13:00:00.0,-0.5274821605042137
2024-12-09T13:30:00.0,-0.4117237352715967
2024-12-09T14:00:00.0,0.374295248661939
2024-12-09T14:30:00.0,0.8713201884315638
2024-12-09T15:00:00.0,0.8620344844789524
2024-12-09T15:30:00.0,0.8697230140209485
2024-12-09T16:00:00.0,0.505385859385112
2024-12-09T16:30:00.0,0.4788213607870322
2024-12-09T17:00:00.0,0.4858677134983335
2024-12-09T17:30:00.0,0.6082472675463283
2024-12-09T18:00:00.0,0.07918055555923627
2024-12-09T18:30:00.0,0.370330019487924
2024-12-09T19:00:00.0,-0.29527006548597773
2024-12-09T19:30:00.0,-0.5389232268992428
2024-12-09T20:00:00.0,-0.5858635073032966
2024-12-09T20:30:00.0,-0.9493787320688539
2024-12-09T21:00:00.0,-0.9404262012108817
2024-12-09T21:30:00.0,-0.6550274552852468
2024-12-09T22:00:00.0,-0.6945199150201158
2024-12-09T22:30:00.0,-0.36493879567510334
2024-12-09T23:00:00.0,0.5890288295134343
2024-12-09T23:30:00.0,-0.24549692792301536
2024-12-10T00:00:00.0,-0.3961780240935754
2024-12-10T00:30:00.0,-0.4193436355451643
2024-12-10T01:00:00.0,-0.6257941981756879
2024-12-10T01:30:00.0,-0.2443663104283993
2024-12-10T02:00:00.0,0.35242332246155544
2024-12-10T02:30:00.0,0.6084526980600813
2024-12-10T03:00:00.0,0.9044190829281336
2024-12-10T03:30:00.0,0.9559016901845423
2024-12-10T04:00:00.0,0.9658763499868143
2024-12-10T04:30:00.0,0.9804118774043541
2024-12-10T05:00:00.0,0.9606719139423395
2024-12-10T05:30:00.0,NaN
2024-12-10T06:00:00.0,NaN
2024-12-10T06:30:00.0,NaN
2024-12-10T07:00:00.0,NaN
2024-12-10T07:30:00.0,NaN
2024-12-10T08:00:00.0,NaN
2024-12-10T08:30:00.0,NaN
2024-12-10T09:00:00.0,-0.15954714165112127
2024-12-10T09:30:00.0,-0.3407216044323738
2024-12-10T10:00:00.0,-0.22023878101478755
2024-12-10T10:30:00.0,-0.37835251871806497
2024-12-10T11:00:00.0,-0.44055143010881037
2024-12-10T11:30:00.0,-0.8306473314164861
2024-12-10T12:00:00.0,0.3127318546059957
2024-12-10T12:30:00.0,0.2959146833306096
2024-12-10T13:00:00.0,0.1694074621329546
2024-12-10T13:30:00.0,0.37664113092643564
2024-12-10T14:00:00.0,0.6220388090455431
2024-12-10T14:30:00.0,0.8565049639075971
2024-12-10T15:00:00.0,0.6765802043446143
2024-12-10T15:30:00.0,0.6944026255647557
2024-12-10T16:00:00.0,0.7818103598004109
2024-12-10T16:30:00.0,0.7690647224871008
2024-12-10T17:00:00.0,0.6937652101461296
2024-12-10T17:30:00.0,0.6035181974444221
2024-12-10T18:00:00.0,0.9602215987999208
2024-12-10T18:30:00.0,NaN
2024-12-10T19:00:00.0,NaN
2024-12-10T19:30:00.0,NaN
2024-12-10T20:00:00.0,NaN
2024-12-10T20:30:00.0,NaN
2024-12-10T21:00:00.0,NaN
2024-12-10T21:30:00.0,NaN
2024-12-10T22:00:00.0,NaN
2024-12-10T22:30:00.0,0.83933812714481
2024-12-10T23:00:00.0,0.29241525092075643
2024-12-10T23:30:00.0,-0.11505009667494064
2024-12-11T00:00:00.0,-0.11505009667494064
2024-12-11T00:30:00.0,-0.0661442326808341
2024-12-11T01:00:00.0,-0.7044974143624869
2024-12-11T01:30:00.0,-0.6713665630873803
2024-12-11T02:00:00.0,NaN
2024-12-11T02:30:00.0,NaN
2024-12-11T03:00:00.0,NaN
2024-12-11T03:30:00.0,NaN
2024-12-11T04:00:00.0,NaN
2024-12-11T04:30:00.0,NaN
2024-12-11T05:00:00.0,NaN
2024-12-11T05:30:00.0,NaN
2024-12-11T06:00:00.0,NaN
2024-12-11T06:30:00.0,NaN
2024-12-11T07:00:00.0,0.8650329050990456
2024-12-11T07:30:00.0,0.8724684479260303
2024-12-11T08:00:00.0,0.9017961943023716
2024-12-11T08:30:00.0,0.5278209824108329
2024-12-11T09:00:00.0,0.11244551423618902
2024-12-11T09:30:00.0,-0.21546826054334697
2024-12-11T10:00:00.0,-0.8798268715360209
2024-12-11T10:30:00.0,0.060843499269364935
2024-12-11T11:00:00.0,0.3973804304464377
2024-12-11T11:30:00.0,0.7189398383506062
2024-12-11T12:00:00.0,0.8246884296745163
2024-12-11T12:30:00.0,0.8376324222739803
2024-12-11T13:00:00.0,0.7990383620499757
2024-12-11T13:30:00.0,0.673880676174706
2024-12-11T14:00:00.0,0.8285384208230328
2024-12-11T14:30:00.0,0.9639967836904099
2024-12-11T15:00:00.0,0.9313666469914497
2024-12-11T15:30:00.0,0.9177560311882139
2024-12-11T16:00:00.0,0.840995020876682
2024-12-11T16:30:00.0,0.7317571937006611
2024-12-11T17:00:00.0,-0.0033881586481685384
2024-12-11T17:30:00.0,0.6726038753327953
2024-12-11T18:00:00.0,0.6782736280872729
2024-12-11T18:30:00.0,0.7492191083693611
2024-12-11T19:00:00.0,0.7706215979908867
2024-12-11T19:30:00.0,0.9423509397886644
2024-12-11T20:00:00.0,0.9160952450139971
2024-12-11T20:30:00.0,0.6063330254271941
2024-12-11T21:00:00.0,0.8253793781154397
2024-12-11T21:30:00.0,0.6121667922414042
2024-12-11T22:00:00.0,0.7118981103145913
2024-12-11T22:30:00.0,0.75755417355139
2024-12-11T23:00:00.0,0.8351194622526311
2024-12-11T23:30:00.0,0.9952236915407822
2024-12-12T00:00:00.0,NaN
2024-12-12T00:30:00.0,NaN
2024-12-12T01:00:00.0,NaN
2024-12-12T01:30:00.0,NaN
2024-12-12T02:00:00.0,0.7485230299496922
2024-12-12T02:30:00.0,0.9426173187707091
2024-12-12T03:00:00.0,0.9798912288627224
2024-12-12T03:30:00.0,0.9247899825664309
2024-12-12T04:00:00.0,0.8018205455977939
2024-12-12T04:30:00.0,0.4485268734332006
2024-12-12T05:00:00.0,0.24140993245093229
2024-12-12T05:30:00.0,-0.30593376486166474
2024-12-12T06:00:00.0,-0.20099612108385428
2024-12-12T06:30:00.0,0.37959884757788354
2024-12-12T07:00:00.0,0.35282233763217175
2024-12-12T07:30:00.0,0.7123917977560006
2024-12-12T08:00:00.0,0.9369796298384925
2024-12-12T08:30:00.0,0.5079963770723781
2024-12-12T09:00:00.0,0.3894198640609513
2024-12-12T09:30:00.0,0.23124065071485342
2024-12-12T10:00:00.0,-0.06796513111625277
2024-12-12T10:30:00.0,-0.45009988957971897
2024-12-12T11:00:00.0,-0.44085036788597964
2024-12-12T11:30:00.0,-0.12667351911488017
2024-12-12T12:00:00.0,-0.3844317903878892
2024-12-12T12:30:00.0,-0.31941631522348846
2024-12-12T13:00:00.0,-0.26276934961224346
2024-12-12T13:30:00.0,-0.05374356989820628
2024-12-12T14:00:00.0,0.21302760157359282
2024-12-12T14:30:00.0,0.4743998716229069
2024-12-12T15:00:00.0,0.11675402232381414
2024-12-12T15:30:00.0,0.1757658685596899
2024-12-12T16:00:00.0,0.1842210648001203
2024-12-12T16:30:00.0,0.19198853777094907
2024-12-12T17:00:00.0,-0.5489096301155758
2024-12-12T17:30:00.0,-0.607109080811536
2024-12-12T18:00:00.0,0.10200366064562535
2024-12-12T18:30:00.0,0.1132434221058314
2024-12-12T19:00:00.0,0.31534161009135636
2024-12-12T19:30:00.0,0.39319427039828486
2024-12-12T20:00:00.0,0.683237495582221
2024-12-12T20:30:00.0,0.7328258779198952
2024-12-12T21:00:00.0,0.8064261089121411
2024-12-12T21:30:00.0,0.8165293707044872
2024-12-12T22:00:00.0,0.8821057812782219
2024-12-12T22:30:00.0,0.8979233928542277
2024-12-12T23:00:00.0,0.9049372827890095
2024-12-12T23:30:00.0,0.8841026236302417
2024-12-13T00:00:00.0,0.9354287707524466
2024-12-13T00:30:00.0,0.885023348383583
2024-12-13T01:00:00.0,0.5678108403768968
2024-12-13T01:30:00.0,0.7846709380372714
2024-12-13T02:00:00.0,0.6663688034694516
2024-12-13T02:30:00.0,0.7248969758203544
2024-12-13T03:00:00.0,0.693406197604334
2024-12-13T03:30:00.0,0.6923369715542568
2024-12-13T04:00:00.0,0.3623128608257507
2024-12-13T04:30:00.0,0.26705383897681834
2024-12-13T05:00:00.0,0.8795855307950275
2024-12-13T05:30:00.0,0.8168658979575012
2024-12-13T06:00:00.0,0.6935554587628382
2024-12-13T06:30:00.0,0.685680114044814
2024-12-13T07:00:00.0,0.7343515901021445
2024-12-13T07:30:00.0,0.9044255370742267
2024-12-13T08:00:00.0,0.7497606051333868
2024-12-13T08:30:00.0,0.4972690368338153
2024-12-13T09:00:00.0,0.38056276598896577
2024-12-13T09:30:00.0,0.6190748206614152
2024-12-13T10:00:00.0,0.6839120140376306
2024-12-13T10:30:00.0,0.20002241377828517
2024-12-13T11:00:00.0,0.4979829860375969
2024-12-13T11:30:00.0,0.5299728314915222
2024-12-13T12:00:00.0,0.6017025048971055
2024-12-13T12:30:00.0,0.47654056309577414
2024-12-13T13:00:00.0,0.39734153764007263
2024-12-13T13:30:00.0,0.371479543898953
2024-12-13T14:00:00.0,0.09970084819062586
2024-12-13T14:30:00.0,0.641926394138805
2024-12-13T15:00:00.0,0.7312953841669184
2024-12-13T15:30:00.0,0.6454341213698759
2024-12-13T16:00:00.0,0.33363524952568974
2024-12-13T16:30:00.0,0.3378747295091447
2024-12-13T17:00:00.0,0.35791901470865994
2024-12-13T17:30:00.0,0.2467925025659131
2024-12-13T18:00:00.0,0.124007059433365
2024-12-13T18:30:00.0,-0.021401430765683765
2024-12-13T19:00:00.0,-0.19522737538868604
2024-12-13T19:30:00.0,-0.3018503297198223
2024-12-13T20:00:00.0,-0.2524109601230025
2024-12-13T20:30:00.0,-0.884643582211201
2024-12-13T21:00:00.0,-0.5791478733600933
2024-12-13T21:30:00.0,-0.4261599738988604
2024-12-13T22:00:00.0,-0.01903765945635201
2024-12-13T22:30:00.0,-0.29525235985221365
2024-12-13T23:00:00.0,-0.16675642969121368
2024-12-13T23:30:00.0,0.31449284334709904
2024-12-14T00:00:00.0,0.6835290246490372
2024-12-14T00:30:00.0,0.7256681656853237
2024-12-14T01:00:00.0,0.8225280939230124
2024-12-14T01:30:00.0,0.9288020495385639
2024-12-14T02:00:00.0,0.9298320426735072
2024-12-14T02:30:00.0,0.9565013187014177
2024-12-14T03:00:00.0,0.9752018261725555
2024-12-14T03:30:00.0,0.9746902572667988
2024-12-14T04:00:00.0,0.9779156126453189
2024-12-14T04:30:00.0,0.9687680533897174
2024-12-14T05:00:00.0,0.909486174254766
2024-12-14T05:30:00.0,0.9387198549738192
2024-12-14T06:00:00.0,0.8831247693474814
2024-12-14T06:30:00.0,0.7900268081259187
2024-12-14T07:00:00.0,0.9064558746920135
2024-12-14T07:30:00.0,0.9064558746920135
2024-12-14T08:00:00.0,NaN
2024-12-14T08:30:00.0,0.9593654225294248
2024-12-14T09:00:00.0,0.6161695213200311
2024-12-14T09:30:00.0,NaN
2024-12-14T10:00:00.0,NaN
2024-12-14T10:30:00.0,NaN
2024-12-14T11:00:00.0,NaN
2024-12-14T11:30:00.0,NaN
2024-12-14T12:00:00.0,NaN
2024-12-14T12:30:00.0,NaN
2024-12-14T13:00:00.0,NaN
2024-12-14T13:30:00.0,NaN
2024-12-14T14:00:00.0,NaN
2024-12-14T14:30:00.0,NaN
2024-12-14T15:00:00.0,NaN
2024-12-14T15:30:00.0,NaN
2024-12-14T16:00:00.0,0.473539560925827
2024-12-14T16:30:00.0,NaN
2024-12-14T17:00:00.0,-0.24971699180985352
2024-12-14T17:30:00.0,-0.24971699180985352
2024-12-14T18:00:00.0,-0.2810775960674105
2024-12-14T18:30:00.0,0.6573661283162128
2024-12-14T19:00:00.0,-0.1893480972205627
2024-12-14T19:30:00.0,NaN
2024-12-14T20:00:00.0,NaN
2024-12-14T20:30:00.0,NaN
2024-12-14T21:00:00.0,NaN
2024-12-14T21:30:00.0,NaN
2024-12-14T22:00:00.0,NaN
2024-12-14T22:30:00.0,NaN
2024-12-14T23:00:00.0,NaN
2024-12-14T23:30:00.0,NaN
2024-12-15T00:00:00.0,NaN
2024-12-15T00:30:00.0,NaN
2024-12-15T01:00:00.0,0.9384424149844124
2024-12-15T01:30:00.0,NaN
2024-12-15T02:00:00.0,NaN
2024-12-15T02:30:00.0,NaN
2024-12-15T03:00:00.0,0.7211280659140248
2024-12-15T03:30:00.0,-0.31131249462652183
2024-12-15T04:00:00.0,-0.9539190874550059
2024-12-15T04:30:00.0,NaN
2024-12-15T05:00:00.0,NaN
2024-12-15T05:30:00.0,NaN
2024-12-15T06:00:00.0,NaN
2024-12-15T06:30:00.0,NaN
2024-12-15T07:00:00.0,NaN
2024-12-15T07:30:00.0,NaN
2024-12-15T08:00:00.0,NaN
2024-12-15T08:30:00.0,0.9322148162518266
2024-12-15T09:00:00.0,0.9822550547655639
2024-12-15T09:30:00.0,0.9718090113092657
2024-12-15T10:00:00.0,0.9642192128708719
2024-12-15T10:30:00.0,0.9554035316391589
2024-12-15T11:00:00.0,0.905347545797548
2024-12-15T11:30:00.0,0.9114698834598658
2024-12-15T12:00:00.0,0.8968043281606599
2024-12-15T12:30:00.0,0.9404514494323314
2024-12-15T13:00:00.0,0.8525013314828208
2024-12-15T13:30:00.0,0.8369076088322048
2024-12-15T14:00:00.0,0.9137547712828007
2024-12-15T14:30:00.0,0.9073735525844165
2024-12-15T15:00:00.0,0.8832771733311717
2024-12-15T15:30:00.0,0.9320120259957259
2024-12-15T16:00:00.0,0.5465320635662169
2024-12-15T16:30:00.0,0.368822930276114
2024-12-15T17:00:00.0,-0.6869081471552279
2024-12-15T17:30:00.0,-0.003480626496993219
2024-12-15T18:00:00.0,0.07204738880760882
2024-12-15T18:30:00.0,0.4152102546465438
2024-12-15T19:00:00.0,0.18370303141792538
2024-12-15T19:30:00.0,-0.09199984909944232
2024-12-15T20:00:00.0,-0.5314715100370809
2024-12-15T20:30:00.0,-0.8076741983918114
2024-12-15T21:00:00.0,-0.6747970856304419
2024-12-15T21:30:00.0,-0.6747970856304419
2024-12-15T22:00:00.0,-0.21376384033719764
2024-12-15T22:30:00.0,-0.2402279841976209
2024-12-15T23:00:00.0,-0.42190128680954886
2024-12-15T23:30:00.0,-0.46253541870637527
2024-12-16T00:00:00.0,-0.4691727062553279
2024-12-16T00:30:00.0,-0.9050739385954295
2024-12-16T01:00:00.0,-0.7347347503014373
2024-12-16T01:30:00.0,-0.4074594392797273
2024-12-16T02:00:00.0,-0.5470147482492067
2024-12-16T02:30:00.0,-0.9324592835420483
2024-12-16T03:00:00.0,-0.7966537422269362
2024-12-16T03:30:00.0,-0.1323935226900894
2024-12-16T04:00:00.0,-0.1040327815146752
2024-12-16T04:30:00.0,0.5874817540514142
2024-12-16T05:00:00.0,0.7046625720735817
2024-12-16T05:30:00.0,0.3409151509343693
2024-12-16T06:00:00.0,-0.1110915755242284
2024-12-16T06:30:00.0,0.33810286923789745
2024-12-16T07:00:00.0,0.5458563619047176
2024-12-16T07:30:00.0,0.49868509675903333
2024-12-16T08:00:00.0,0.35257950577522756
2024-12-16T08:30:00.0,-0.1800651240585261
2024-12-16T09:00:00.0,0.06539015654494561
2024-12-16T09:30:00.0,0.2466361852474897
2024-12-16T10:00:00.0,0.662062847346005
2024-12-16T10:30:00.0,0.816334154094421
2024-12-16T11:00:00.0,0.5905894203357717
2024-12-16T11:30:00.0,0.5023491572013581
2024-12-16T12:00:00.0,0.30566786575119886
2024-12-16T12:30:00.0,-0.0686345939119724
2024-12-16T13:00:00.0,-0.07007277210366439
2024-12-16T13:30:00.0,0.4201187464721292
2024-12-16T14:00:00.0,0.9380114252130054
2024-12-16T14:30:00.0,0.969735729157367
2024-12-16T15:00:00.0,0.9688426800630134
2024-12-16T15:30:00.0,0.7374948952610357
2024-12-16T16:00:00.0,0.5125127814591469
2024-12-16T16:30:00.0,0.8314471282995018
2024-12-16T17:00:00.0,0.8314471282995018
2024-12-16T17:30:00.0,0.5944253820146453
2024-12-16T18:00:00.0,-0.12107068944007333
2024-12-16T18:30:00.0,-0.12107068944007333
2024-12-16T19:00:00.0,0.4134609961395866
2024-12-16T19:30:00.0,0.5512778697333413
2024-12-16T20:00:00.0,0.8369857905154675
2024-12-16T20:30:00.0,0.8501199576834204
2024-12-16T21:00:00.0,0.7078798915089114
2024-12-16T21:30:00.0,0.8248249017431246
2024-12-16T22:00:00.0,0.8217139335152561
2024-12-16T22:30:00.0,0.36293593213364084
2024-12-16T23:00:00.0,0.23443356545888291
2024-12-16T23:30:00.0,0.1426401662406054
2024-12-17T00:00:00.0,0.38454238797734047
2024-12-17T00:30:00.0,0.725760467503955
2024-12-17T01:00:00.0,0.9143407779612668
2024-12-17T01:30:00.0,0.8945282743757219
2024-12-17T02:00:00.0,0.9428271932047746
2024-12-17T02:30:00.0,0.9277154059539976
2024-12-17T03:00:00.0,0.6726961373358781
2024-12-17T03:30:00.0,0.7489295290656534
2024-12-17T04:00:00.0,0.7768607546201742
2024-12-17T04:30:00.0,0.518687180060853
2024-12-17T05:00:00.0,0.5000363749358634
2024-12-17T05:30:00.0,-0.2543574821785321
2024-12-17T06:00:00.0,-0.24759965457954344
2024-12-17T06:30:00.0,0.2566981870202853
2024-12-17T07:00:00.0,0.3970035456631042
2024-12-17T07:30:00.0,0.37672488377216257
2024-12-17T08:00:00.0,0.5052450335024784
2024-12-17T08:30:00.0,0.4548180014216802
2024-12-17T09:00:00.0,0.8467891781007011
2024-12-17T09:30:00.0,0.7978748351793736
2024-12-17T10:00:00.0,0.8263793884739836
2024-12-17T10:30:00.0,0.4959889111910523
2024-12-17T11:00:00.0,0.7977745067274544
2024-12-17T11:30:00.0,0.7437547938327399
2024-12-17T12:00:00.0,0.7405430336737757
2024-12-17T12:30:00.0,0.8864504506887081
2024-12-17T13:00:00.0,0.9015403927661736
2024-12-17T13:30:00.0,0.9371446245053188
2024-12-17T14:00:00.0,0.8326904066302296
2024-12-17T14:30:00.0,0.8219546831936618
2024-12-17T15:00:00.0,0.8294671448149727
2024-12-17T15:30:00.0,0.8294671448149727
2024-12-17T16:00:00.0,0.8650735978914664
2024-12-17T16:30:00.0,0.9362761631212729
2024-12-17T17:00:00.0,0.9969841622182716
2024-12-17T17:30:00.0,0.9985833608561084
2024-12-17T18:00:00.0,NaN
2024-12-17T18:30:00.0,NaN
2024-12-17T19:00:00.0,NaN
2024-12-17T19:30:00.0,NaN
2024-12-17T20:00:00.0,NaN
2024-12-17T20:30:00.0,NaN
2024-12-17T21:00:00.0,NaN
2024-12-17T21:30:00.0,-0.3930299985725646
2024-12-17T22:00:00.0,-0.07359216979758264
2024-12-17T22:30:00.0,0.19972671283708743
2024-12-17T23:00:00.0,0.05238893425461467
2024-12-17T23:30:00.0,0.34175662651791755
2024-12-18T00:00:00.0,0.7613695984435687
2024-12-18T00:30:00.0,0.563917244622536
2024-12-18T01:00:00.0,0.8640524192839188
2024-12-18T01:30:00.0,0.916464909102258
2024-12-18T02:00:00.0,NaN
2024-12-18T02:30:00.0,0.7134756833968066
2024-12-18T03:00:00.0,0.3129669293205253
2024-12-18T03:30:00.0,-0.08275680997735686
2024-12-18T04:00:00.0,0.2240263511050318
2024-12-18T04:30:00.0,0.2882784606311974
2024-12-18T05:00:00.0,-0.06728405685909047
2024-12-18T05:30:00.0,-0.06728405685909047
2024-12-18T06:00:00.0,-0.07326117926048946
2024-12-18T06:30:00.0,0.9741651657094381
2024-12-18T07:00:00.0,0.9170558259279482
2024-12-18T07:30:00.0,NaN
2024-12-18T08:00:00.0,NaN
2024-12-18T08:30:00.0,-0.1917410982879835
2024-12-18T09:00:00.0,-0.11671659344410429
2024-12-18T09:30:00.0,-0.13727140824534542
2024-12-18T10:00:00.0,0.18642423379703474
2024-12-18T10:30:00.0,0.2806502624730594
2024-12-18T11:00:00.0,0.6072180553601454
2024-12-18T11:30:00.0,0.5161106247349666
2024-12-18T12:00:00.0,0.5856986195645313
2024-12-18T12:30:00.0,0.5351085614478975
2024-12-18T13:00:00.0,0.30801372541938477
2024-12-18T13:30:00.0,0.2789718852194305
2024-12-18T14:00:00.0,0.517017233949772
2024-12-18T14:30:00.0,0.3380903224475626
2024-12-18T15:00:00.0,-0.5779252702238693
2024-12-18T15:30:00.0,-0.5957076597769835
2024-12-18T16:00:00.0,-0.65329490269218
2024-12-18T16:30:00.0,-0.6728258150982148
2024-12-18T17:00:00.0,-0.7469705754772926
2024-12-18T17:30:00.0,-0.7058004052947899
2024-12-18T18:00:00.0,-0.585498165020708
2024-12-18T18:30:00.0,-0.6442974581141898
2024-12-18T19:00:00.0,-0.7487576931652603
2024-12-18T19:30:00.0,-0.7307755836615507
2024-12-18T20:00:00.0,-0.5710795880318987
2024-12-18T20:30:00.0,-0.8820682811890201
2024-12-18T21:00:00.0,-0.909222821423817
2024-12-18T21:30:00.0,-0.8169833572428253
2024-12-18T22:00:00.0,-0.856167798873114
2024-12-18T22:30:00.0,-0.885282725496603
2024-12-18T23:00:00.0,-0.8730902785028547
2024-12-18T23:30:00.0,-0.932868884411154
2024-12-19T00:00:00.0,-0.9450394158261716
2024-12-19T00:30:00.0,NaN
2024-12-19T01:00:00.0,NaN
2024-12-19T01:30:00.0,NaN
2024-12-19T02:00:00.0,NaN
2024-12-19T02:30:00.0,NaN
2024-12-19T03:00:00.0,NaN
2024-12-19T03:30:00.0,NaN
2024-12-19T04:00:00.0,0.7914052576658641
2024-12-19T04:30:00.0,0.7914052576658641
2024-12-19T05:00:00.0,0.9783464959928383
2024-12-19T05:30:00.0,0.9783464959928383
2024-12-19T06:00:00.0,0.4311695598409826
2024-12-19T06:30:00.0,-0.2929978820646451
2024-12-19T07:00:00.0,-0.6691519671567693
2024-12-19T07:30:00.0,NaN
2024-12-19T08:00:00.0,0.8124288587414317
2024-12-19T08:30:00.0,0.5397476451348007
2024-12-19T09:00:00.0,0.0007749561973317979
2024-12-19T09:30:00.0,-0.17532738779678908
2024-12-19T10:00:00.0,-0.36267037747241354
2024-12-19T10:30:00.0,-0.3408185562366715
2024-12-19T11:00:00.0,-0.13708790851660138
2024-12-19T11:30:00.0,0.6983350782481469
2024-12-19T12:00:00.0,0.7919220655214481
2024-12-19T12:30:00.0,0.7159495425969354
2024-12-19T13:00:00.0,0.5509102224305964
2024-12-19T13:30:00.0,-0.21328272127229952
2024-12-19T14:00:00.0,-0.7332018020556809
2024-12-19T14:30:00.0,-0.775952350059928
2024-12-19T15:00:00.0,-0.7133266209962301
2024-12-19T15:30:00.0,-0.3211744068176456
2024-12-19T16:00:00.0,0.021532014172147323
2024-12-19T16:30:00.0,0.021532014172147323
2024-12-19T17:00:00.0,0.22922986892589664
2024-12-19T17:30:00.0,-0.02955027976134249
2024-12-19T18:00:00.0,0.1437591634442893
2024-12-19T18:30:00.0,0.44952257962638814
2024-12-19T19:00:00.0,0.13433869744698063
2024-12-19T19:30:00.0,-0.7446495496311546
2024-12-19T20:00:00.0,-0.7181305163214493
2024-12-19T20:30:00.0,-0.5434341377625074
2024-12-19T21:00:00.0,0.46559240999222423
2024-12-19T21:30:00.0,0.2500309648472208
2024-12-19T22:00:00.0,-0.26697092626112373
2024-12-19T22:30:00.0,-0.8208242705221229
2024-12-19T23:00:00.0,-0.9380451335380531
2024-12-19T23:30:00.0,-0.9502252369754539
2024-12-20T00:00:00.0,-0.9490098458162425
2024-12-20T00:30:00.0,-0.7475888251193584
2024-12-20T01:00:00.0,0.28079923451778815
2024-12-20T01:30:00.0,0.3355962718144911
2024-12-20T02:00:00.0,0.3597621293055124
2024-12-20T02:30:00.0,0.13849765985262744
2024-12-20T03:00:00.0,NaN
2024-12-20T03:30:00.0,0.9838104941083353
2024-12-20T04:00:00.0,0.5847576901071473
2024-12-20T04:30:00.0,NaN
2024-12-20T05:00:00.0,NaN
2024-12-20T05:30:00.0,NaN
2024-12-20T06:00:00.0,NaN
2024-12-20T06:30:00.0,NaN
2024-12-20T07:00:00.0,NaN
2024-12-20T07:30:00.0,NaN
2024-12-20T08:00:00.0,NaN
2024-12-20T08:30:00.0,NaN
2024-12-20T09:00:00.0,NaN
2024-12-20T09:30:00.0,NaN
2024-12-20T10:00:00.0,NaN
2024-12-20T10:30:00.0,NaN
2024-12-20T11:00:00.0,NaN
2024-12-20T11:30:00.0,NaN
2024-12-20T12:00:00.0,NaN
2024-12-20T12:30:00.0,NaN
2024-12-20T13:00:00.0,NaN
2024-12-20T13:30:00.0,NaN
2024-12-20T14:00:00.0,NaN
2024-12-20T14:30:00.0,NaN
2024-12-20T15:00:00.0,NaN
2024-12-20T15:30:00.0,NaN
2024-12-20T16:00:00.0,NaN
2024-12-20T16:30:00.0,NaN
2024-12-20T17:00:00.0,NaN
2024-12-20T17:30:00.0,NaN
2024-12-20T18:00:00.0,NaN
2024-12-20T18:30:00.0,NaN
2024-12-20T19:00:00.0,NaN
2024-12-20T19:30:00.0,NaN
2024-12-20T20:00:00.0,NaN
2024-12-20T20:30:00.0,NaN
2024-12-20T21:00:00.0,NaN
2024-12-20T21:30:00.0,NaN
2024-12-20T22:00:00.0,NaN
2024-12-20T22:30:00.0,-0.8866739605125491
2024-12-20T23:00:00.0,-0.6502422470061688
2024-12-20T23:30:00.0,-0.6502422470061688
2024-12-21T00:00:00.0,-0.325811019947224
2024-12-21T00:30:00.0,-0.5908628090176339
2024-12-21T01:00:00.0,-0.6085577848698255
2024-12-21T01:30:00.0,-0.5447644330618532
2024-12-21T02:00:00.0,-0.4649915612840369
2024-12-21T02:30:00.0,-0.6555231976105431
2024-12-21T03:00:00.0,-0.6545182422011099
2024-12-21T03:30:00.0,-0.3165351944980092
2024-12-21T04:00:00.0,-0.8864813813549172
2024-12-21T04:30:00.0,-0.8864813813549172
2024-12-21T05:00:00.0,-0.8904329317092949
2024-12-21T05:30:00.0,-0.6156849430194079
2024-12-21T06:00:00.0,-0.35606011542659577
2024-12-21T06:30:00.0,-0.32910768685929137
2024-12-21T07:00:00.0,-0.4471927594988992
2024-12-21T07:30:00.0,-0.4496248806739109
2024-12-21T08:00:00.0,-0.4670517574080933
2024-12-21T08:30:00.0,-0.4909017673145162
2024-12-21T09:00:00.0,-0.5641021378972323
2024-12-21T09:30:00.0,-0.24884938832270256
2024-12-21T10:00:00.0,0.5002238745600134
2024-12-21T10:30:00.0,0.36569454573359705
2024-12-21T11:00:00.0,-0.23065848827069846
2024-12-21T11:30:00.0,-0.27309543659165986
2024-12-21T12:00:00.0,-0.6394822087131202
2024-12-21T12:30:00.0,-0.14725897926781067
2024-12-21T13:00:00.0,-0.0410593176753572
2024-12-21T13:30:00.0,0.42883240605272377
2024-12-21T14:00:00.0,0.7243573243675382
2024-12-21T14:30:00.0,NaN
2024-12-21T15:00:00.0,NaN
2024-12-21T15:30:00.0,NaN
2024-12-21T16:00:00.0,NaN
2024-12-21T16:30:00.0,NaN
2024-12-21T17:00:00.0,NaN
2024-12-21T17:30:00.0,NaN
2024-12-21T18:00:00.0,0.5068615943985924
2024-12-21T18:30:00.0,0.4018422167424753
2024-12-21T19:00:00.0,0.44679190418521075
2024-12-21T19:30:00.0,0.5401835118922146
2024-12-21T20:00:00.0,0.5040252523908206
2024-12-21T20:30:00.0,0.6585955663377819
2024-12-21T21:00:00.0,0.6098459161173851
2024-12-21T21:30:00.0,0.3811969261259822
2024-12-21T22:00:00.0,-0.295391752291553
2024-12-21T22:30:00.0,-0.5361296793615598
2024-12-21T23:00:00.0,-0.2722002813534972
2024-12-21T23:30:00.0,-0.3022626027521583
2024-12-22T00:00:00.0,-0.34487663570019644
2024-12-22T00:30:00.0,-0.7199856441203863
2024-12-22T01:00:00.0,-0.09120539776189929
2024-12-22T01:30:00.0,0.6657495326140899
2024-12-22T02:00:00.0,-0.7240303513583294
2024-12-22T02:30:00.0,-0.8412022864004427
2024-12-22T03:00:00.0,-0.9791681081865795
2024-12-22T03:30:00.0,-0.24642512873899555
2024-12-22T04:00:00.0,NaN
2024-12-22T04:30:00.0,NaN
2024-12-22T05:00:00.0,-0.4845230979698561
2024-12-22T05:30:00.0,NaN
2024-12-22T06:00:00.0,NaN
2024-12-22T06:30:00.0,NaN
2024-12-22T07:00:00.0,NaN
2024-12-22T07:30:00.0,NaN
2024-12-22T08:00:00.0,NaN
2024-12-22T08:30:00.0,NaN
2024-12-22T09:00:00.0,0.35668108832307405
2024-12-22T09:30:00.0,0.5375026226738099
2024-12-22T10:00:00.0,0.6739621903822924
2024-12-22T10:30:00.0,0.6739621903822924
2024-12-22T11:00:00.0,0.6992050667903502
2024-12-22T11:30:00.0,0.8585464549094022
2024-12-22T12:00:00.0,0.6782563933141854
2024-12-22T12:30:00.0,NaN
2024-12-22T13:00:00.0,NaN
2024-12-22T13:30:00.0,NaN
2024-12-22T14:00:00.0,NaN
2024-12-22T14:30:00.0,NaN
2024-12-22T15:00:00.0,NaN
2024-12-22T15:30:00.0,NaN
2024-12-22T16:00:00.0,NaN
2024-12-22T16:30:00.0,NaN
2024-12-22T17:00:00.0,NaN
2024-12-22T17:30:00.0,NaN
2024-12-22T18:00:00.0,0.6442794723129929
2024-12-22T18:30:00.0,0.8455595074658058
2024-12-22T19:00:00.0,0.7434743542464726
2024-12-22T19:30:00.0,0.8855317945875427
2024-12-22T20:00:00.0,0.8122011538736927
2024-12-22T20:30:00.0,0.8354533916195689
2024-12-22T21:00:00.0,0.892983308836672
2024-12-22T21:30:00.0,0.8081744615184493
2024-12-22T22:00:00.0,0.878052195267237
2024-12-22T22:30:00.0,0.7111890702619779
2024-12-22T23:00:00.0,0.4651424490839602
2024-12-22T23:30:00.0,0.6139170127888128
2024-12-23T00:00:00.0,0.6718533260733005
2024-12-23T00:30:00.0,0.7663120119266705
2024-12-23T01:00:00.0,0.8166137292473069
2024-12-23T01:30:00.0,0.614762479259743
2024-12-23T02:00:00.0,0.7126837882182749
2024-12-23T02:30:00.0,0.6958456433322265
2024-12-23T03:00:00.0,0.845150773279206
2024-12-23T03:30:00.0,0.9192238873501645
2024-12-23T04:00:00.0,0.774806427297262
2024-12-23T04:30:00.0,0.659911489051208
2024-12-23T05:00:00.0,0.7472570605366535
2024-12-23T05:30:00.0,0.5671918773357837
2024-12-23T06:00:00.0,0.5862339123713389
2024-12-23T06:30:00.0,-0.25404746131960443
2024-12-23T07:00:00.0,0.5456655355759794
2024-12-23T07:30:00.0,0.7573572316810824
2024-12-23T08:00:00.0,0.7985468104580737
2024-12-23T08:30:00.0,0.7413168954343952
2024-12-23T09:00:00.0,0.4962671053252871
2024-12-23T09:30:00.0,0.4327894653975477
2024-12-23T10:00:00.0,0.7016156772552914
2024-12-23T10:30:00.0,0.7782390356235886
2024-12-23T11:00:00.0,0.7782102763753496
2024-12-23T11:30:00.0,0.7865697087489242
2024-12-23T12:00:00.0,0.7887178903273873
2024-12-23T12:30:00.0,0.922212062836646
2024-12-23T13:00:00.0,0.9602475186653762
2024-12-23T13:30:00.0,NaN
2024-12-23T14:00:00.0,NaN
2024-12-23T14:30:00.0,0.9949824516307393
2024-12-23T15:00:00.0,0.9508095611272703
2024-12-23T15:30:00.0,0.8382085577469395
2024-12-23T16:00:00.0,0.8382085577469395
2024-12-23T16:30:00.0,0.8382085577469395
2024-12-23T17:00:00.0,0.8382085577469395
2024-12-23T17:30:00.0,NaN
2024-12-23T18:00:00.0,NaN
2024-12-23T18:30:00.0,NaN
2024-12-23T19:00:00.0,NaN
2024-12-23T19:30:00.0,NaN
2024-12-23T20:00:00.0,-0.945022953571351
2024-12-23T20:30:00.0,-0.945022953571351
2024-12-23T21:00:00.0,-0.945022953571351
2024-12-23T21:30:00.0,-0.9368726974136415
2024-12-23T22:00:00.0,-0.9195093166735535
2024-12-23T22:30:00.0,NaN
2024-12-23T23:00:00.0,NaN
2024-12-23T23:30:00.0,NaN
2024-12-24T00:00:00.0,NaN
2024-12-24T00:30:00.0,NaN
2024-12-24T01:00:00.0,NaN
2024-12-24T01:30:00.0,NaN
2024-12-24T02:00:00.0,NaN
2024-12-24T02:30:00.0,NaN
2024-12-24T03:00:00.0,NaN
2024-12-24T03:30:00.0,-0.2622609552080246
2024-12-24T04:00:00.0,0.18671844949950892
2024-12-24T04:30:00.0,0.865780674278566
2024-12-24T05:00:00.0,0.8536294034785308
2024-12-24T05:30:00.0,0.8536294034785308
2024-12-24T06:00:00.0,0.8092150235767475
2024-12-24T06:30:00.0,NaN
2024-12-24T07:00:00.0,NaN
2024-12-24T07:30:00.0,NaN
2024-12-24T08:00:00.0,NaN
2024-12-24T08:30:00.0,NaN
2024-12-24T09:00:00.0,NaN
2024-12-24T09:30:00.0,NaN
2024-12-24T10:00:00.0,NaN
2024-12-24T10:30:00.0,NaN
2024-12-24T11:00:00.0,NaN
2024-12-24T11:30:00.0,NaN
2024-12-24T12:00:00.0,-0.9843763963948691
2024-12-24T12:30:00.0,NaN
2024-12-24T13:00:00.0,NaN
2024-12-24T13:30:00.0,-0.8360619366929098
2024-12-24T14:00:00.0,-0.7162631667986316
2024-12-24T14:30:00.0,-0.7464584055437228
2024-12-24T15:00:00.0,-0.7844354696519009
2024-12-24T15:30:00.0,-0.8402947224092204
2024-12-24T16:00:00.0,-0.8402947224092204
2024-12-24T16:30:00.0,-0.8402947224092204
2024-12-24T17:00:00.0,-0.8342149493424058
2024-12-24T17:30:00.0,NaN
2024-12-24T18:00:00.0,NaN
2024-12-24T18:30:00.0,NaN
2024-12-24T19:00:00.0,NaN
2024-12-24T19:30:00.0,NaN
2024-12-24T20:00:00.0,NaN
2024-12-24T20:30:00.0,NaN
2024-12-24T21:00:00.0,NaN
2024-12-24T21:30:00.0,-0.5933924966740262
2024-12-24T22:00:00.0,-0.5933924966740262
2024-12-24T22:30:00.0,-0.5933924966740262
2024-12-24T23:00:00.0,0.14872157314044146
2024-12-24T23:30:00.0,NaN
2024-12-25T00:00:00.0,NaN
2024-12-25T00:30:00.0,NaN
2024-12-25T01:00:00.0,NaN
2024-12-25T01:30:00.0,NaN
2024-12-25T02:00:00.0,NaN
2024-12-25T02:30:00.0,NaN
2024-12-25T03:00:00.0,-0.6113348297095679
2024-12-25T03:30:00.0,-0.6113348297095679
2024-12-25T04:00:00.0,-0.634904028185883
2024-12-25T04:30:00.0,-0.6332964959944235
2024-12-25T05:00:00.0,-0.6805037728911303
2024-12-25T05:30:00.0,-0.7696223691168932
2024-12-25T06:00:00.0,-0.8020083438187847
2024-12-25T06:30:00.0,-0.922323394077151
2024-12-25T07:00:00.0,-0.7937315609000088
2024-12-25T07:30:00.0,-0.3350915292498082
2024-12-25T08:00:00.0,0.5006293416449252
2024-12-25T08:30:00.0,0.623514478734477
2024-12-25T09:00:00.0,0.6193013503603471
2024-12-25T09:30:00.0,0.702771945733142
2024-12-25T10:00:00.0,0.7365738286814058
2024-12-25T10:30:00.0,0.6832072766159293
2024-12-25T11:00:00.0,0.9163653397289547
2024-12-25T11:30:00.0,0.9164231664557807
2024-12-25T12:00:00.0,0.7355928979689181
2024-12-25T12:30:00.0,0.5455960657139413
2024-12-25T13:00:00.0,0.33990382109182776
2024-12-25T13:30:00.0,NaN
2024-12-25T14:00:00.0,NaN
2024-12-25T14:30:00.0,NaN
2024-12-25T15:00:00.0,NaN
2024-12-25T15:30:00.0,NaN
2024-12-25T16:00:00.0,0.06019587329970417
2024-12-25T16:30:00.0,0.06019587329970417
2024-12-25T17:00:00.0,0.18793389536354502
2024-12-25T17:30:00.0,0.5347204836275583
2024-12-25T18:00:00.0,0.4265056717083642
2024-12-25T18:30:00.0,0.5653153816254955
2024-12-25T19:00:00.0,0.574567129048137
2024-12-25T19:30:00.0,-0.06618569853229353
2024-12-25T20:00:00.0,-0.2993304701594246
2024-12-25T20:30:00.0,-0.20866259789562233
2024-12-25T21:00:00.0,0.46340579491309813
2024-12-25T21:30:00.0,0.4518134256995598
2024-12-25T22:00:00.0,0.4627357421888105
2024-12-25T22:30:00.0,0.8964072589724986
2024-12-25T23:00:00.0,0.5166088615087933
2024-12-25T23:30:00.0,0.6937927451053266
2024-12-26T00:00:00.0,0.8494072727703703
2024-12-26T00:30:00.0,0.7290303930861559
2024-12-26T01:00:00.0,0.7285628535178491
2024-12-26T01:30:00.0,0.6611939801857182
2024-12-26T02:00:00.0,0.42957735804076774
2024-12-26T02:30:00.0,0.24185085463147385
2024-12-26T03:00:00.0,0.39339042163486254
2024-12-26T03:30:00.0,0.4311813674440433
2024-12-26T04:00:00.0,0.586235625591838
2024-12-26T04:30:00.0,0.6683683057452879
2024-12-26T05:00:00.0,0.7312869604392697
2024-12-26T05:30:00.0,0.24529441998254467
2024-12-26T06:00:00.0,-0.17999095113071684
2024-12-26T06:30:00.0,-0.15251801959792977
2024-12-26T07:00:00.0,-0.1047281878298679
2024-12-26T07:30:00.0,0.06837267944734272
2024-12-26T08:00:00.0,-0.5746394690311204
2024-12-26T08:30:00.0,-0.3966418267417257
2024-12-26T09:00:00.0,-0.3264986372394044
2024-12-26T09:30:00.0,-0.0944246430126189
2024-12-26T10:00:00.0,-0.035558962499618575
2024-12-26T10:30:00.0,NaN
2024-12-26T11:00:00.0,NaN
2024-12-26T11:30:00.0,NaN
2024-12-26T12:00:00.0,NaN
2024-12-26T12:30:00.0,NaN
2024-12-26T13:00:00.0,NaN
2024-12-26T13:30:00.0,NaN
2024-12-26T14:00:00.0,-0.17289770027440374
2024-12-26T14:30:00.0,0.21983750524238632
2024-12-26T15:00:00.0,0.2942472157565729
2024-12-26T15:30:00.0,0.37194439073120644
2024-12-26T16:00:00.0,0.3083327974788717
2024-12-26T16:30:00.0,0.2956886969012984
2024-12-26T17:00:00.0,0.48862510416536115
2024-12-26T17:30:00.0,0.653787818471543
2024-12-26T18:00:00.0,0.55381355456894
2024-12-26T18:30:00.0,0.7098672891380765
2024-12-26T19:00:00.0,0.4832299623715622
2024-12-26T19:30:00.0,0.3578049817518999
2024-12-26T20:00:00.0,0.46309347453896443
2024-12-26T20:30:00.0,0.8490801264017357
2024-12-26T21:00:00.0,0.7683467838964124
2024-12-26T21:30:00.0,0.6983914813716565
2024-12-26T22:00:00.0,0.6879298108990666
2024-12-26T22:30:00.0,0.7839370518385194
2024-12-26T23:00:00.0,0.7025210201138015
2024-12-26T23:30:00.0,0.003925212258603603
2024-12-27T00:00:00.0,-0.22092527629852202
2024-12-27T00:30:00.0,-0.165746136515729
2024-12-27T01:00:00.0,-0.16527088594769626
2024-12-27T01:30:00.0,0.45260804100364593
2024-12-27T02:00:00.0,0.46771980470737523
2024-12-27T02:30:00.0,0.8282706461145232
2024-12-27T03:00:00.0,0.8317443972858647
2024-12-27T03:30:00.0,0.5822028714817166
2024-12-27T04:00:00.0,0.1271364491607653
2024-12-27T04:30:00.0,0.1271364491607653
2024-12-27T05:00:00.0,-0.29300540064332065
2024-12-27T05:30:00.0,-0.11083175062151333
2024-12-27T06:00:00.0,0.11717338295445189
2024-12-27T06:30:00.0,0.27237688635333035
2024-12-27T07:00:00.0,0.4122362751178719
2024-12-27T07:30:00.0,0.428087768964335
2024-12-27T08:00:00.0,0.603791414076117
2024-12-27T08:30:00.0,0.5092445054658971
2024-12-27T09:00:00.0,0.33591735430487657
2024-12-27T09:30:00.0,-0.07359269753181931
2024-12-27T10:00:00.0,0.45836331043121364
2024-12-27T10:30:00.0,0.6837873522312273
2024-12-27T11:00:00.0,0.7535358533852514
2024-12-27T11:30:00.0,0.8824664628158386
2024-12-27T12:00:00.0,0.8302954745493829
2024-12-27T12:30:00.0,0.8077476115457592
2024-12-27T13:00:00.0,0.6303785912430092
2024-12-27T13:30:00.0,0.7274091146156261
2024-12-27T14:00:00.0,0.8453937601064061
2024-12-27T14:30:00.0,0.9796691582966817
2024-12-27T15:00:00.0,0.9876598395940737
2024-12-27T15:30:00.0,0.9946055478328638
2024-12-27T16:00:00.0,NaN
2024-12-27T16:30:00.0,0.9659285573933618
2024-12-27T17:00:00.0,0.9659285573933618
2024-12-27T17:30:00.0,NaN
2024-12-27T18:00:00.0,NaN
2024-12-27T18:30:00.0,NaN
2024-12-27T19:00:00.0,NaN
2024-12-27T19:30:00.0,NaN
2024-12-27T20:00:00.0,NaN
2024-12-27T20:30:00.0,NaN
2024-12-27T21:00:00.0,NaN
2024-12-27T21:30:00.0,NaN
2024-12-27T22:00:00.0,NaN
2024-12-27T22:30:00.0,NaN
2024-12-27T23:00:00.0,NaN
2024-12-27T23:30:00.0,NaN
2024-12-28T00:00:00.0,NaN
2024-12-28T00:30:00.0,NaN
2024-12-28T01:00:00.0,-0.49298190160406813
2024-12-28T01:30:00.0,-0.21238043743008045
2024-12-28T02:00:00.0,-0.14286218142581059
2024-12-28T02:30:00.0,-0.05506488996576537
2024-12-28T03:00:00.0,0.5318795835851393
2024-12-28T03:30:00.0,0.6000677146786935
2024-12-28T04:00:00.0,0.7650091224698542
2024-12-28T04:30:00.0,0.7889850094301186
2024-12-28T05:00:00.0,0.391365301960345
2024-12-28T05:30:00.0,0.49189061150719876
2024-12-28T06:00:00.0,-0.19670763297054353
2024-12-28T06:30:00.0,-0.4279869154266394
2024-12-28T07:00:00.0,-0.718387750604275
2024-12-28T07:30:00.0,-0.8081637411572457
2024-12-28T08:00:00.0,-0.9293431477514019
2024-12-28T08:30:00.0,-0.9529154131410862
2024-12-28T09:00:00.0,0.09835720446314121
2024-12-28T09:30:00.0,-0.3194105173483465
2024-12-28T10:00:00.0,-0.521504061800549
2024-12-28T10:30:00.0,-0.6602411344665811
2024-12-28T11:00:00.0,-0.5648769826152702
2024-12-28T11:30:00.0,-0.7203062352423372
2024-12-28T12:00:00.0,-0.3897977895713734
2024-12-28T12:30:00.0,0.09645521560320129
2024-12-28T13:00:00.0,-0.08874868595551141
2024-12-28T13:30:00.0,0.004915619854533368
2024-12-28T14:00:00.0,-0.11193089306910266
2024-12-28T14:30:00.0,-0.7548250543840318
2024-12-28T15:00:00.0,-0.8739811497459649
2024-12-28T15:30:00.0,-0.9963243012652852
2024-12-28T16:00:00.0,-0.9293784205604825
2024-12-28T16:30:00.0,-0.39430023331054737
2024-12-28T17:00:00.0,0.48033149305824274
2024-12-28T17:30:00.0,0.7235934108113958
2024-12-28T18:00:00.0,0.9183695985074967
2024-12-28T18:30:00.0,0.7304937683040547
2024-12-28T19:00:00.0,0.608022233387982
2024-12-28T19:30:00.0,0.4433563972383623
2024-12-28T20:00:00.0,0.3826743077469481
2024-12-28T20:30:00.0,0.5709062275723624
2024-12-28T21:00:00.0,0.6972444899721639
2024-12-28T21:30:00.0,0.6546166278967062
2024-12-28T22:00:00.0,0.8406730569794707
2024-12-28T22:30:00.0,0.7654166565992727
2024-12-28T23:00:00.0,0.8564440519364127
2024-12-28T23:30:00.0,NaN
2024-12-29T00:00:00.0,0.1289395917188051
2024-12-29T00:30:00.0,NaN
2024-12-29T01:00:00.0,NaN
2024-12-29T01:30:00.0,NaN
2024-12-29T02:00:00.0,NaN
2024-12-29T02:30:00.0,0.7235084888159078
2024-12-29T03:00:00.0,0.6795284757775051
2024-12-29T03:30:00.0,0.46430983659090885
2024-12-29T04:00:00.0,0.46430983659090885
2024-12-29T04:30:00.0,0.46430983659090885
2024-12-29T05:00:00.0,0.49224589968396903
2024-12-29T05:30:00.0,-0.9458441528281119
2024-12-29T06:00:00.0,NaN
2024-12-29T06:30:00.0,NaN
2024-12-29T07:00:00.0,0.7516772960124026
2024-12-29T07:30:00.0,0.7817802567034544
2024-12-29T08:00:00.0,0.7817802567034544
2024-12-29T08:30:00.0,0.7856743209210114
2024-12-29T09:00:00.0,0.9282321652383141
2024-12-29T09:30:00.0,0.4892701649078463
2024-12-29T10:00:00.0,0.47835076442267915
2024-12-29T10:30:00.0,0.3175524435110772
2024-12-29T11:00:00.0,-0.391102180806074
2024-12-29T11:30:00.0,-0.14952200569747132
2024-12-29T12:00:00.0,-0.36465953056268297
2024-12-29T12:30:00.0,-0.3264251970866944
2024-12-29T13:00:00.0,0.8687395831738145
2024-12-29T13:30:00.0,0.9044636492878628
2024-12-29T14:00:00.0,0.8765780130867614
2024-12-29T14:30:00.0,0.7776477333429568
2024-12-29T15:00:00.0,0.7798880148791448
2024-12-29T15:30:00.0,0.8450531396233546
2024-12-29T16:00:00.0,0.8349769443690417
2024-12-29T16:30:00.0,0.7063305495557503
2024-12-29T17:00:00.0,-0.6911359473627088
2024-12-29T17:30:00.0,-0.6683366341527516
2024-12-29T18:00:00.0,-0.2573209056669586
2024-12-29T18:30:00.0,0.78180536014469
2024-12-29T19:00:00.0,0.28961034502748517
2024-12-29T19:30:00.0,0.28961034502748517
2024-12-29T20:00:00.0,0.5646631176543105
2024-12-29T20:30:00.0,0.48316651229054053
2024-12-29T21:00:00.0,0.4536225333742903
2024-12-29T21:30:00.0,0.8657402521936025
2024-12-29T22:00:00.0,0.8016654140165976
2024-12-29T22:30:00.0,0.8493150756997306
2024-12-29T23:00:00.0,0.5339685038263495
2024-12-29T23:30:00.0,0.4969080501821927
2024-12-30T00:00:00.0,0.06985039865307967
2024-12-30T00:30:00.0,-0.152155446525594
2024-12-30T01:00:00.0,0.2587380981839155
2024-12-30T01:30:00.0,0.5170110804166446
2024-12-30T02:00:00.0,0.6179461374377777
2024-12-30T02:30:00.0,0.81059434541915
2024-12-30T03:00:00.0,0.4353302656558236
2024-12-30T03:30:00.0,0.0886936374961596
2024-12-30T04:00:00.0,-0.13422615886087771
2024-12-30T04:30:00.0,-0.4970531853026659
2024-12-30T05:00:00.0,-0.5847588662196109
2024-12-30T05:30:00.0,-0.3800885767458178
2024-12-30T06:00:00.0,-0.41167933684695307
2024-12-30T06:30:00.0,-0.4582412702295107
2024-12-30T07:00:00.0,0.2509810416303203
2024-12-30T07:30:00.0,0.21731883359975387
2024-12-30T08:00:00.0,-0.17497976417669306
2024-12-30T08:30:00.0,-0.22871978286916703
2024-12-30T09:00:00.0,0.015603845320912914
2024-12-30T09:30:00.0,-0.07470471416297142
2024-12-30T10:00:00.0,-0.44354836876848375
2024-12-30T10:30:00.0,-0.4931564673741789
2024-12-30T11:00:00.0,-0.24626946645346884
2024-12-30T11:30:00.0,-0.4302260368441475
2024-12-30T12:00:00.0,-0.06955326782839454
2024-12-30T12:30:00.0,0.5783151833105586
2024-12-30T13:00:00.0,0.7744717502147901
2024-12-30T13:30:00.0,0.6972818213789377
2024-12-30T14:00:00.0,0.834961161006801
2024-12-30T14:30:00.0,0.6540773600834108
2024-12-30T15:00:00.0,0.026361324614236202
2024-12-30T15:30:00.0,NaN
2024-12-30T16:00:00.0,NaN
2024-12-30T16:30:00.0,NaN
2024-12-30T17:00:00.0,NaN
2024-12-30T17:30:00.0,-0.8676993016282334
2024-12-30T18:00:00.0,-0.8676993016282334
2024-12-30T18:30:00.0,-0.8676993016282334
2024-12-30T19:00:00.0,-0.7868488129574912
2024-12-30T19:30:00.0,-0.8937689531293731
2024-12-30T20:00:00.0,-0.9660277147368913
2024-12-30T20:30:00.0,-0.9746886131340149
2024-12-30T21:00:00.0,-0.9000918547641444
2024-12-30T21:30:00.0,0.14125933739739774
2024-12-30T22:00:00.0,0.24360853334001006
2024-12-30T22:30:00.0,0.619576736941472
2024-12-30T23:00:00.0,0.619576736941472
2024-12-30T23:30:00.0,0.7040729390827943
2024-12-31T00:00:00.0,0.6758791409508628
2024-12-31T00:30:00.0,NaN
2024-12-31T01:00:00.0,NaN
2024-12-31T01:30:00.0,NaN
2024-12-31T02:00:00.0,NaN
2024-12-31T02:30:00.0,NaN
2024-12-31T03:00:00.0,NaN
2024-12-31T03:30:00.0,NaN
2024-12-31T04:00:00.0,NaN
2024-12-31T04:30:00.0,NaN
2024-12-31T05:00:00.0,NaN
2024-12-31T05:30:00.0,NaN
2024-12-31T06:00:00.0,NaN
2024-12-31T06:30:00.0,NaN
2024-12-31T07:00:00.0,NaN
2024-12-31T07:30:00.0,NaN
2024-12-31T08:00:00.0,NaN
2024-12-31T08:30:00.0,NaN
2024-12-31T09:00:00.0,NaN
2024-12-31T09:30:00.0,0.7960230819708897
2024-12-31T10:00:00.0,0.742796206351853
2024-12-31T10:30:00.0,0.6266731555815115
2024-12-31T11:00:00.0,0.6266731555815115
2024-12-31T11:30:00.0,0.6266731555815115
2024-12-31T12:00:00.0,NaN
2024-12-31T12:30:00.0,NaN
2024-12-31T13:00:00.0,NaN
2024-12-31T13:30:00.0,NaN
2024-12-31T14:00:00.0,NaN
2024-12-31T14:30:00.0,NaN
2024-12-31T15:00:00.0,NaN
2024-12-31T15:30:00.0,NaN
2024-12-31T16:00:00.0,NaN
2024-12-31T16:30:00.0,NaN
2024-12-31T17:00:00.0,NaN
2024-12-31T17:30:00.0,NaN
2024-12-31T18:00:00.0,NaN
2024-12-31T18:30:00.0,NaN
2024-12-31T19:00:00.0,NaN
2024-12-31T19:30:00.0,NaN
2024-12-31T20:00:00.0,NaN
2024-12-31T20:30:00.0,-0.6246807996140328
